title,location,year,odometer,price,link
2023 Toyota RAV4,"Auckland, Auckland  ",2023,"17,650km","$35,888",https://www.trademe.co.nz/a/motors/cars/toyota/rav4/listing/4776041017?rsqid=1fae398a8f064d778ce3f7304e27addf-001
2022 Toyota RAV4,"Papakura, Auckland  ",2022,"55,145km","$31,899",https://www.trademe.co.nz/a/motors/cars/toyota/rav4/listing/4774837653?rsqid=1fae398a8f064d778ce3f7304e27addf-001
2020 Toyota RAV4,"Auckland, Auckland  ",2020,"32,306km","$34,990",https://www.trademe.co.nz/a/motors/cars/toyota/rav4/listing/4774064207?rsqid=1fae398a8f064d778ce3f7304e27addf-001
2023 Toyota RAV4,"Auckland, Auckland  ",2023,"24,631km","$35,888",https://www.trademe.co.nz/a/motors/cars/toyota/rav4/listing/4772781756?rsqid=1fae398a8f064d778ce3f7304e27addf-001
2023 Toyota RAV4,"Auckland, Auckland  ",2023,"22,486km","$47,990",https://www.trademe.co.nz/a/motors/cars/toyota/rav4/listing/4772431923?rsqid=1fae398a8f064d778ce3f7304e27addf-001
2022 Toyota RAV4,"Auckland, Auckland  ",2022,"44,800km","$35,990",https://www.trademe.co.nz/a/motors/cars/toyota/rav4/listing/4770564397?rsqid=1fae398a8f064d778ce3f7304e27addf-001
2022 Toyota RAV4,"Auckland, Auckland  ",2022,"52,185km","$32,990",https://www.trademe.co.nz/a/motors/cars/toyota/rav4/listing/4769452637?rsqid=1fae398a8f064d778ce3f7304e27addf-001
2020 Toyota RAV4,"Auckland, Auckland  ",2020,"77,945km","$36,490",https://www.trademe.co.nz/a/motors/cars/toyota/rav4/listing/4769402320?rsqid=1fae398a8f064d778ce3f7304e27addf-001
2023 Toyota RAV4,"Auckland, Auckland  ",2023,"24,986km","$34,980",https://www.trademe.co.nz/a/motors/cars/toyota/rav4/listing/4769270978?rsqid=1fae398a8f064d778ce3f7304e27addf-001
2023 Toyota RAV4,"Auckland, Auckland  ",2023,"23,372km","$34,980",https://www.trademe.co.nz/a/motors/cars/toyota/rav4/listing/4769073861?rsqid=1fae398a8f064d778ce3f7304e27addf-001
2023 Toyota RAV4,"Auckland, Auckland  ",2023,"24,227km","$44,980",https://www.trademe.co.nz/a/motors/cars/toyota/rav4/listing/4768979416?rsqid=1fae398a8f064d778ce3f7304e27addf-001
2019 Toyota RAV4,Auckland            ,2019,"71,800km","$34,987",https://www.trademe.co.nz/a/motors/cars/toyota/rav4/listing/4768930661?rsqid=1fae398a8f064d778ce3f7304e27addf-001
2019 Toyota RAV4,"Auckland, Auckland  ",2019,"66,358km","$32,990",https://www.trademe.co.nz/a/motors/cars/toyota/rav4/listing/4768692343?rsqid=1fae398a8f064d778ce3f7304e27addf-001
2022 Toyota RAV4,NA                  ,2022,"40,154km","$34,990",https://www.trademe.co.nz/a/motors/cars/toyota/rav4/listing/4768626588?rsqid=1fae398a8f064d778ce3f7304e27addf-001
2023 Toyota RAV4,"Auckland, Auckland  ",2023,"24,096km","$35,888",https://www.trademe.co.nz/a/motors/cars/toyota/rav4/listing/4767856984?rsqid=1fae398a8f064d778ce3f7304e27addf-001
2022 Toyota RAV4,"Auckland, Auckland  ",2022,"42,255km","$35,990",https://www.trademe.co.nz/a/motors/cars/toyota/rav4/listing/4766038616?rsqid=1fae398a8f064d778ce3f7304e27addf-001
2023 Toyota RAV4,"Auckland, Auckland  ",2023,"24,715km","$45,888",https://www.trademe.co.nz/a/motors/cars/toyota/rav4/listing/4765869002?rsqid=1fae398a8f064d778ce3f7304e27addf-001
2020 Toyota RAV4,NA                  ,2020,"20,534km","$43,990",https://www.trademe.co.nz/a/motors/cars/toyota/rav4/listing/4761305893?rsqid=1fae398a8f064d778ce3f7304e27addf-001
2022 Toyota RAV4,"Auckland, Auckland  ",2022,"26,799km","$56,888",https://www.trademe.co.nz/a/motors/cars/toyota/rav4/listing/4765939449?rsqid=1fae398a8f064d778ce3f7304e27addf-001
2023 Toyota RAV4,"Auckland, Auckland  ",2023,"24,972km","$36,888",https://www.trademe.co.nz/a/motors/cars/toyota/rav4/listing/4759887355?rsqid=1fae398a8f064d778ce3f7304e27addf-001
2019 Toyota RAV4,"Auckland, Auckland  ",2019,"66,530km","$34,980",https://www.trademe.co.nz/a/motors/cars/toyota/rav4/listing/4759562801?rsqid=1fae398a8f064d778ce3f7304e27addf-001
2021 Toyota RAV4,"Auckland, Auckland  ",2021,"51,941km","$39,980",https://www.trademe.co.nz/a/motors/cars/toyota/rav4/listing/4758005597?rsqid=1fae398a8f064d778ce3f7304e27addf-001
2022 Toyota RAV4,"Auckland, Auckland  ",2022,"55,100km","$52,990",https://www.trademe.co.nz/a/motors/cars/toyota/rav4/listing/4757656922?rsqid=0dde878da91b43a88ce9b0ee16bd4b27-001
2023 Toyota RAV4,"Auckland, Auckland  ",2023,"22,786km","$46,990",https://www.trademe.co.nz/a/motors/cars/toyota/rav4/listing/4757555884?rsqid=0dde878da91b43a88ce9b0ee16bd4b27-001
2023 Toyota RAV4,"Auckland, Auckland  ",2023,"17,743km","$37,990",https://www.trademe.co.nz/a/motors/cars/toyota/rav4/listing/4757273577?rsqid=0dde878da91b43a88ce9b0ee16bd4b27-001
2023 Toyota RAV4,"Auckland, Auckland  ",2023,"7,046km","$60,990",https://www.trademe.co.nz/a/motors/cars/toyota/rav4/listing/4755877645?rsqid=0dde878da91b43a88ce9b0ee16bd4b27-001
2019 Toyota RAV4,"Auckland, Auckland  ",2019,"54,346km","$42,888",https://www.trademe.co.nz/a/motors/cars/toyota/rav4/listing/4754454818?rsqid=0dde878da91b43a88ce9b0ee16bd4b27-001
2019 Toyota RAV4,NA                  ,2019,"52,497km","$41,990",https://www.trademe.co.nz/a/motors/cars/toyota/rav4/listing/4751340440?rsqid=0dde878da91b43a88ce9b0ee16bd4b27-001
2019 Toyota RAV4,"Auckland, Auckland  ",2019,"59,085km","$43,990",https://www.trademe.co.nz/a/motors/cars/toyota/rav4/listing/4751272657?rsqid=0dde878da91b43a88ce9b0ee16bd4b27-001
2019 Toyota RAV4,"Auckland, Auckland  ",2019,"34,409km","$43,990",https://www.trademe.co.nz/a/motors/cars/toyota/rav4/listing/4751272498?rsqid=0dde878da91b43a88ce9b0ee16bd4b27-001
2024 Toyota RAV4,"Waitakere, Auckland ",2024,"1,000km","$46,390",https://www.trademe.co.nz/a/motors/cars/toyota/rav4/listing/4750592488?rsqid=0dde878da91b43a88ce9b0ee16bd4b27-001
2019 Toyota RAV4,NA                  ,2019,"65,752km","$34,995",https://www.trademe.co.nz/a/motors/cars/toyota/rav4/listing/4749924713?rsqid=0dde878da91b43a88ce9b0ee16bd4b27-001
2021 Toyota RAV4,"Auckland, Auckland  ",1000,"32,782km","$41,980",https://www.trademe.co.nz/a/motors/cars/toyota/rav4/listing/4749856132?rsqid=0dde878da91b43a88ce9b0ee16bd4b27-001
2023 Toyota RAV4,"Auckland, Auckland  ",2023,"24,641km","$46,488",https://www.trademe.co.nz/a/motors/cars/toyota/rav4/listing/4749085138?rsqid=0dde878da91b43a88ce9b0ee16bd4b27-001
2019 Toyota RAV4,"Auckland, Auckland  ",2019,"62,508km","$42,990",https://www.trademe.co.nz/a/motors/cars/toyota/rav4/listing/4749085135?rsqid=0dde878da91b43a88ce9b0ee16bd4b27-001
2020 Toyota RAV4,"Auckland, Auckland  ",2020,"43,236km","$43,990",https://www.trademe.co.nz/a/motors/cars/toyota/rav4/listing/4748224708?rsqid=0dde878da91b43a88ce9b0ee16bd4b27-001
2023 Toyota RAV4,"Auckland, Auckland  ",2023,"24,312km","$36,990",https://www.trademe.co.nz/a/motors/cars/toyota/rav4/listing/4748132882?rsqid=0dde878da91b43a88ce9b0ee16bd4b27-001
2023 Toyota RAV4,"Auckland, Auckland  ",2023,"23,464km","$46,888",https://www.trademe.co.nz/a/motors/cars/toyota/rav4/listing/4748132834?rsqid=0dde878da91b43a88ce9b0ee16bd4b27-001
2022 Toyota RAV4,"Auckland, Auckland  ",2022,"50,203km","$33,990",https://www.trademe.co.nz/a/motors/cars/toyota/rav4/listing/4748094477?rsqid=0dde878da91b43a88ce9b0ee16bd4b27-001
2019 Toyota RAV4,"Papakura, Auckland  ",2019,"72,700km","$35,988",https://www.trademe.co.nz/a/motors/cars/toyota/rav4/listing/4748076005?rsqid=0dde878da91b43a88ce9b0ee16bd4b27-001
2022 Toyota RAV4,"Auckland, Auckland  ",2022,"29,425km","$40,990",https://www.trademe.co.nz/a/motors/cars/toyota/rav4/listing/4747653861?rsqid=0dde878da91b43a88ce9b0ee16bd4b27-001
2019 Toyota RAV4,Another quality South Auckland Motors vehicle!,2019,"66,499km","$30,995",https://www.trademe.co.nz/a/motors/cars/toyota/rav4/listing/4746557322?rsqid=0dde878da91b43a88ce9b0ee16bd4b27-001
2023 Toyota RAV4,"Auckland, Auckland  ",2023,"21,252km","$47,990",https://www.trademe.co.nz/a/motors/cars/toyota/rav4/listing/4746466396?rsqid=0dde878da91b43a88ce9b0ee16bd4b27-001
2022 Toyota RAV4,"Auckland, Auckland  ",2022,"24,054km","$55,490",https://www.trademe.co.nz/a/motors/cars/toyota/rav4/listing/4746189734?rsqid=0dde878da91b43a88ce9b0ee16bd4b27-001
2023 Toyota RAV4,"Auckland, Auckland  ",2023,"22,741km","$46,888",https://www.trademe.co.nz/a/motors/cars/toyota/rav4/listing/4746189703?rsqid=4fc80cfeddc74a0e9491ec239d0691e3-001
2021 Toyota RAV4,"Auckland, Auckland  ",2021,"45,710km","$46,990",https://www.trademe.co.nz/a/motors/cars/toyota/rav4/listing/4744478981?rsqid=4fc80cfeddc74a0e9491ec239d0691e3-001
2023 Toyota RAV4,NA                  ,2023,"6,600km","$58,950",https://www.trademe.co.nz/a/motors/cars/toyota/rav4/listing/4741431100?rsqid=4fc80cfeddc74a0e9491ec239d0691e3-001
2019 Toyota RAV4,"AUCKLAND, Auckland  ",2019,"17,885km","$38,990",https://www.trademe.co.nz/a/motors/cars/toyota/rav4/listing/4739984377?rsqid=4fc80cfeddc74a0e9491ec239d0691e3-001
2023 Toyota RAV4,"Auckland, Auckland  ",2023,"21,390km","$36,990",https://www.trademe.co.nz/a/motors/cars/toyota/rav4/listing/4738439611?rsqid=4fc80cfeddc74a0e9491ec239d0691e3-001
2022 Toyota RAV4,"Auckland, Auckland  ",2022,"21,963km","$47,990",https://www.trademe.co.nz/a/motors/cars/toyota/rav4/listing/4738090651?rsqid=4fc80cfeddc74a0e9491ec239d0691e3-001
2023 Toyota RAV4,"Auckland, Auckland  ",2023,"19,135km","$36,990",https://www.trademe.co.nz/a/motors/cars/toyota/rav4/listing/4734818998?rsqid=4fc80cfeddc74a0e9491ec239d0691e3-001
2022 Toyota RAV4,"Auckland, Auckland  ",2022,"23,656km","$43,990",https://www.trademe.co.nz/a/motors/cars/toyota/rav4/listing/4733129798?rsqid=4fc80cfeddc74a0e9491ec239d0691e3-001
2023 Toyota RAV4,"Auckland, Auckland  ",2023,"2,878km","$59,888",https://www.trademe.co.nz/a/motors/cars/toyota/rav4/listing/4732961487?rsqid=4fc80cfeddc74a0e9491ec239d0691e3-001
2023 Toyota RAV4,NA                  ,2023,"8,400km","$59,990",https://www.trademe.co.nz/a/motors/cars/toyota/rav4/listing/4732841432?rsqid=4fc80cfeddc74a0e9491ec239d0691e3-001
2023 Toyota RAV4,"Auckland, Auckland  ",2023,"31,515km","$36,490",https://www.trademe.co.nz/a/motors/cars/toyota/rav4/listing/4731392432?rsqid=4fc80cfeddc74a0e9491ec239d0691e3-001
2022 Toyota RAV4,"Auckland, Auckland  ",2022,"40,029km","$34,990",https://www.trademe.co.nz/a/motors/cars/toyota/rav4/listing/4729853433?rsqid=4fc80cfeddc74a0e9491ec239d0691e3-001
2021 Toyota RAV4,"Auckland, Auckland  ",2021,"64,700km","$47,990",https://www.trademe.co.nz/a/motors/cars/toyota/rav4/listing/4728174800?rsqid=4fc80cfeddc74a0e9491ec239d0691e3-001
2020 Toyota RAV4,"Manukau City, Auckland",2020,"51,587km","$44,800",https://www.trademe.co.nz/a/motors/cars/toyota/rav4/listing/4728034541?rsqid=4fc80cfeddc74a0e9491ec239d0691e3-001
2024 Toyota RAV4,"Kumeu, Auckland     ",2024,69km,,https://www.trademe.co.nz/a/motors/cars/toyota/rav4/listing/4727045685?rsqid=4fc80cfeddc74a0e9491ec239d0691e3-001
2020 Toyota RAV4,"Auckland, Auckland  ",2020,"35,746km","$46,990",https://www.trademe.co.nz/a/motors/cars/toyota/rav4/listing/4726787857?rsqid=4fc80cfeddc74a0e9491ec239d0691e3-001
2019 Toyota RAV4,"Auckland, Auckland  ",2019,"77,493km","$38,990",https://www.trademe.co.nz/a/motors/cars/toyota/rav4/listing/4725019978?rsqid=4fc80cfeddc74a0e9491ec239d0691e3-001
2019 Toyota RAV4,"Pukekohe, Auckland  ",2019,"68,615km","$37,588",https://www.trademe.co.nz/a/motors/cars/toyota/rav4/listing/4721659765?rsqid=4fc80cfeddc74a0e9491ec239d0691e3-001
2023 Toyota RAV4,NA                  ,2023,"30,601km","$35,995",https://www.trademe.co.nz/a/motors/cars/toyota/rav4/listing/4721491232?rsqid=4fc80cfeddc74a0e9491ec239d0691e3-001
2023 Toyota RAV4,"Auckland, Auckland  ",2023,"4,900km","$53,990",https://www.trademe.co.nz/a/motors/cars/toyota/rav4/listing/4721477520?rsqid=4fc80cfeddc74a0e9491ec239d0691e3-001
2023 Toyota RAV4,"Auckland, Auckland  ",2023,"4,457km","$47,990",https://www.trademe.co.nz/a/motors/cars/toyota/rav4/listing/4720874212?rsqid=4fc80cfeddc74a0e9491ec239d0691e3-001
2023 Toyota RAV4,"Auckland, Auckland  ",2023,"7,000km","$51,990",https://www.trademe.co.nz/a/motors/cars/toyota/rav4/listing/4718019251?rsqid=4fc80cfeddc74a0e9491ec239d0691e3-001
2024 Toyota RAV4,NA                  ,2024,"5,000km","$51,995",https://www.trademe.co.nz/a/motors/cars/toyota/rav4/listing/4716721327?rsqid=c4218d5cce754a279c657223dc0a608b-001
2019 Toyota RAV4,"Auckland, Auckland  ",2019,"66,500km","$33,990",https://www.trademe.co.nz/a/motors/cars/toyota/rav4/listing/4715072369?rsqid=c4218d5cce754a279c657223dc0a608b-001
2021 Toyota RAV4,NA                  ,2021,"35,500km","$49,990",https://www.trademe.co.nz/a/motors/cars/toyota/rav4/listing/4714822446?rsqid=c4218d5cce754a279c657223dc0a608b-001
2023 Toyota RAV4,"Papakura, Auckland  ",2023,"1,354km","$59,988",https://www.trademe.co.nz/a/motors/cars/toyota/rav4/listing/4714733581?rsqid=c4218d5cce754a279c657223dc0a608b-001
2022 Toyota RAV4,NA                  ,2022,"36,600km","$39,990",https://www.trademe.co.nz/a/motors/cars/toyota/rav4/listing/4713242529?rsqid=c4218d5cce754a279c657223dc0a608b-001
2022 Toyota RAV4,"Auckland, Auckland  ",2022,"49,191km","$35,490",https://www.trademe.co.nz/a/motors/cars/toyota/rav4/listing/4711691909?rsqid=c4218d5cce754a279c657223dc0a608b-001
2019 Toyota RAV4,NA                  ,2019,"39,186km","$42,990",https://www.trademe.co.nz/a/motors/cars/toyota/rav4/listing/4711410324?rsqid=c4218d5cce754a279c657223dc0a608b-001
2019 Toyota RAV4,Auckland            ,2019,"13,850km","$38,845",https://www.trademe.co.nz/a/motors/cars/toyota/rav4/listing/4709752078?rsqid=c4218d5cce754a279c657223dc0a608b-001
2018 Toyota RAV4,NA                  ,2018,"54,275km","$24,900",https://www.trademe.co.nz/a/motors/cars/toyota/rav4/listing/4709718713?rsqid=c4218d5cce754a279c657223dc0a608b-001
2020 Toyota RAV4,"Auckland, Auckland  ",2020,"41,910km","$44,990",https://www.trademe.co.nz/a/motors/cars/toyota/rav4/listing/4708189663?rsqid=c4218d5cce754a279c657223dc0a608b-001
2023 Toyota RAV4,"Auckland, Auckland  ",2023,"26,751km","$36,990",https://www.trademe.co.nz/a/motors/cars/toyota/rav4/listing/4706288210?rsqid=c4218d5cce754a279c657223dc0a608b-001
2021 Toyota RAV4,"Auckland, Auckland  ",2021,"28,361km","$42,995",https://www.trademe.co.nz/a/motors/cars/toyota/rav4/listing/4701510390?rsqid=c4218d5cce754a279c657223dc0a608b-001
2024 Toyota RAV4,"Auckland, Auckland  ",2024,"4,500km","$48,790",https://www.trademe.co.nz/a/motors/cars/toyota/rav4/listing/4699782467?rsqid=c4218d5cce754a279c657223dc0a608b-001
2020 Toyota RAV4,"Auckland, Auckland  ",2020,"40,216km","$45,990",https://www.trademe.co.nz/a/motors/cars/toyota/rav4/listing/4698285921?rsqid=c4218d5cce754a279c657223dc0a608b-001
2020 Toyota RAV4,NA                  ,2020,"63,000km","$45,990",https://www.trademe.co.nz/a/motors/cars/toyota/rav4/listing/4691960788?rsqid=c4218d5cce754a279c657223dc0a608b-001
2021 Toyota RAV4,"Auckland, Auckland  ",2021,"22,250km","$45,990",https://www.trademe.co.nz/a/motors/cars/toyota/rav4/listing/4691789238?rsqid=c4218d5cce754a279c657223dc0a608b-001
2018 Toyota RAV4,"Auckland, Auckland  ",2018,"77,935km","$26,990",https://www.trademe.co.nz/a/motors/cars/toyota/rav4/listing/4690327841?rsqid=c4218d5cce754a279c657223dc0a608b-001
2022 Toyota RAV4,"Auckland, Auckland  ",2022,"47,813km","$38,990",https://www.trademe.co.nz/a/motors/cars/toyota/rav4/listing/4690266712?rsqid=c4218d5cce754a279c657223dc0a608b-001
2019 Toyota RAV4,NA                  ,2019,"56,654km","$35,990",https://www.trademe.co.nz/a/motors/cars/toyota/rav4/listing/4690190275?rsqid=c4218d5cce754a279c657223dc0a608b-001
2021 Toyota RAV4,"Auckland, Auckland  ",2021,"45,207km","$48,880",https://www.trademe.co.nz/a/motors/cars/toyota/rav4/listing/4688300367?rsqid=c4218d5cce754a279c657223dc0a608b-001
2019 Toyota RAV4,"Auckland, Auckland  ",2019,"72,810km","$38,990",https://www.trademe.co.nz/a/motors/cars/toyota/rav4/listing/4687696982?rsqid=c4218d5cce754a279c657223dc0a608b-001
2019 Toyota RAV4,"Auckland, Auckland  ",2019,"75,394km","$40,990",https://www.trademe.co.nz/a/motors/cars/toyota/rav4/listing/4687696981?rsqid=c4218d5cce754a279c657223dc0a608b-001
2020 Toyota RAV4,"Auckland, Auckland  ",2020,"35,155km","$43,888",https://www.trademe.co.nz/a/motors/cars/toyota/rav4/listing/4687599227?rsqid=816ef0f0f48941d6aad2746dadba75f7-001
2023 Toyota RAV4,"Auckland, Auckland  ",2023,"9,000km","$59,990",https://www.trademe.co.nz/a/motors/cars/toyota/rav4/listing/4686253894?rsqid=816ef0f0f48941d6aad2746dadba75f7-001
2023 Toyota RAV4,"Auckland, Auckland  ",2023,"23,828km","$46,950",https://www.trademe.co.nz/a/motors/cars/toyota/rav4/listing/4686208500?rsqid=816ef0f0f48941d6aad2746dadba75f7-001
2020 Toyota RAV4,"Auckland, Auckland  ",2020,"42,575km","$43,990",https://www.trademe.co.nz/a/motors/cars/toyota/rav4/listing/4685090348?rsqid=816ef0f0f48941d6aad2746dadba75f7-001
2023 Toyota RAV4,"Christchurch City, Canterbury",2023,"2,975km",,https://www.trademe.co.nz/a/motors/cars/toyota/rav4/listing/4683885302?rsqid=816ef0f0f48941d6aad2746dadba75f7-001
2020 Toyota RAV4,"Auckland, Auckland  ",2020,"54,452km","$45,888",https://www.trademe.co.nz/a/motors/cars/toyota/rav4/listing/4683286258?rsqid=816ef0f0f48941d6aad2746dadba75f7-001
2022 Toyota RAV4,"Auckland, Auckland  ",2022,"42,337km","$45,490",https://www.trademe.co.nz/a/motors/cars/toyota/rav4/listing/4678293898?rsqid=816ef0f0f48941d6aad2746dadba75f7-001
2022 Toyota RAV4,"Auckland, Auckland  ",2022,"31,764km","$53,888",https://www.trademe.co.nz/a/motors/cars/toyota/rav4/listing/4676949827?rsqid=816ef0f0f48941d6aad2746dadba75f7-001
2022 Toyota RAV4,"Auckland, Auckland  ",2022,"35,497km","$38,888",https://www.trademe.co.nz/a/motors/cars/toyota/rav4/listing/4675813419?rsqid=816ef0f0f48941d6aad2746dadba75f7-001
2022 Toyota RAV4,"Auckland, Auckland  ",2022,"35,199km","$39,990",https://www.trademe.co.nz/a/motors/cars/toyota/rav4/listing/4675369563?rsqid=816ef0f0f48941d6aad2746dadba75f7-001
2019 Toyota RAV4,"Christchurch, Canterbury",2019,"53,000km","$34,990",https://www.trademe.co.nz/a/motors/cars/toyota/rav4/listing/4675080834?rsqid=816ef0f0f48941d6aad2746dadba75f7-001
2019 Toyota RAV4,"Auckland, Auckland  ",2019,"66,500km","$34,990",https://www.trademe.co.nz/a/motors/cars/toyota/rav4/listing/4673580726?rsqid=816ef0f0f48941d6aad2746dadba75f7-001
2021 Toyota RAV4,"Auckland, Auckland  ",2021,"60,900km","$36,990",https://www.trademe.co.nz/a/motors/cars/toyota/rav4/listing/4673388457?rsqid=816ef0f0f48941d6aad2746dadba75f7-001
2019 Toyota RAV4,"Porirua, Wellington ",2019,"45,527km",,https://www.trademe.co.nz/a/motors/cars/toyota/rav4/listing/4671981162?rsqid=816ef0f0f48941d6aad2746dadba75f7-001
2022 Toyota RAV4,"Auckland, Auckland  ",2022,"22,521km","$40,990",https://www.trademe.co.nz/a/motors/cars/toyota/rav4/listing/4669423777?rsqid=816ef0f0f48941d6aad2746dadba75f7-001
2020 Toyota RAV4,"Manukau City, Auckland",2020,"64,000km","$37,800",https://www.trademe.co.nz/a/motors/cars/toyota/rav4/listing/4669133424?rsqid=816ef0f0f48941d6aad2746dadba75f7-001
2019 Toyota RAV4,NA                  ,2019,"53,219km","$41,995",https://www.trademe.co.nz/a/motors/cars/toyota/rav4/listing/4667390839?rsqid=816ef0f0f48941d6aad2746dadba75f7-001
2020 Toyota RAV4,"Auckland, Auckland  ",2020,"34,350km","$47,888",https://www.trademe.co.nz/a/motors/cars/toyota/rav4/listing/4665640594?rsqid=816ef0f0f48941d6aad2746dadba75f7-001
2022 Toyota RAV4,"Auckland, Auckland  ",2022,"50,799km","$32,888",https://www.trademe.co.nz/a/motors/cars/toyota/rav4/listing/4662496790?rsqid=816ef0f0f48941d6aad2746dadba75f7-001
2023 Toyota RAV4,NA                  ,2023,"17,000km","$58,990",https://www.trademe.co.nz/a/motors/cars/toyota/rav4/listing/4654600347?rsqid=816ef0f0f48941d6aad2746dadba75f7-001
2019 Toyota RAV4,"Auckland, Auckland  ",2019,"57,650km","$43,990",https://www.trademe.co.nz/a/motors/cars/toyota/rav4/listing/4652704713?rsqid=816ef0f0f48941d6aad2746dadba75f7-001
2019 Toyota RAV4,"North Shore, Auckland",2019,"52,000km","$39,000",https://www.trademe.co.nz/a/motors/cars/toyota/rav4/listing/4741615353?rsqid=816ef0f0f48941d6aad2746dadba75f7-001
2022 Toyota RAV4,NA                  ,2022,"51,000km","$32,990",https://www.trademe.co.nz/a/motors/cars/toyota/rav4/listing/4633705466?rsqid=9ba08d9f92a04115aa63d78a1679bc22-001
2021 Toyota RAV4,"Auckland, Auckland  ",2021,"38,000km","$48,500",https://www.trademe.co.nz/a/motors/cars/toyota/rav4/listing/4625567029?rsqid=9ba08d9f92a04115aa63d78a1679bc22-001
2022 Toyota RAV4,"Christchurch, Canterbury",2022,"8,900km","$56,990",https://www.trademe.co.nz/a/motors/cars/toyota/rav4/listing/4757915011?rsqid=9ba08d9f92a04115aa63d78a1679bc22-001
2019 Toyota RAV4,"Auckland, Auckland  ",2019,"68,331km","$42,490",https://www.trademe.co.nz/a/motors/cars/toyota/rav4/listing/4612774895?rsqid=9ba08d9f92a04115aa63d78a1679bc22-001
2019 Toyota RAV4,"Auckland, Auckland  ",2019,"68,638km","$38,888",https://www.trademe.co.nz/a/motors/cars/toyota/rav4/listing/4603985555?rsqid=9ba08d9f92a04115aa63d78a1679bc22-001
2022 Toyota RAV4,NA                  ,2022,"19,650km","$36,000",https://www.trademe.co.nz/a/motors/cars/toyota/rav4/listing/4743932949?rsqid=9ba08d9f92a04115aa63d78a1679bc22-001
2021 Toyota RAV4,"Auckland, Auckland  ",2021,"8,675km","$63,800",https://www.trademe.co.nz/a/motors/cars/toyota/rav4/listing/4736495273?rsqid=9ba08d9f92a04115aa63d78a1679bc22-001
2022 Toyota RAV4,"Auckland, Auckland  ",2022,"3,980km","$54,500",https://www.trademe.co.nz/a/motors/cars/toyota/rav4/listing/4545928934?rsqid=9ba08d9f92a04115aa63d78a1679bc22-001
2020 Toyota RAV4,"Auckland, Auckland  ",2020,"47,254km","$34,990",https://www.trademe.co.nz/a/motors/cars/toyota/rav4/listing/4735952201?rsqid=9ba08d9f92a04115aa63d78a1679bc22-001
2019 Toyota RAV4,"New Lynn, Auckland  ",2019,"41,000km",,https://www.trademe.co.nz/a/motors/cars/toyota/rav4/listing/4749523010?rsqid=9ba08d9f92a04115aa63d78a1679bc22-001
2020 Toyota RAV4,NA                  ,2020,"5,359km","$55,990",https://www.trademe.co.nz/a/motors/cars/toyota/rav4/listing/4480253340?rsqid=9ba08d9f92a04115aa63d78a1679bc22-001
2019 Toyota RAV4,NA                  ,2019,"62,618km","$44,990",https://www.trademe.co.nz/a/motors/cars/toyota/rav4/listing/4282175728?rsqid=9ba08d9f92a04115aa63d78a1679bc22-001
2022 Toyota RAV4,"Auckland, Auckland  ",2022,"64,800km 1986cc, Petrol, Automatic","$30,990",https://www.trademe.co.nz/a/motors/cars/toyota/rav4/listing/4776626367?rsqid=9ba08d9f92a04115aa63d78a1679bc22-001
2022 Toyota RAV4,"Auckland, Auckland  ",2022,"39,600km 1986cc, Petrol, Automatic","$33,990",https://www.trademe.co.nz/a/motors/cars/toyota/rav4/listing/4776626305?rsqid=9ba08d9f92a04115aa63d78a1679bc22-001
2021 Toyota RAV4,"Auckland City, Auckland",2021,"36,355km 2487cc, Petrol, Automatic","$38,000",https://www.trademe.co.nz/a/motors/cars/toyota/rav4/listing/4776283579?rsqid=9ba08d9f92a04115aa63d78a1679bc22-001
2021 Toyota RAV4,NA                  ,2021,"51,551km 1986cc, Petrol, Automatic",,https://www.trademe.co.nz/a/motors/cars/toyota/rav4/listing/4775848191?rsqid=9ba08d9f92a04115aa63d78a1679bc22-001
2022 Toyota RAV4,"Auckland, Auckland  ",2022,"69,850km 1986cc, Petrol, Automatic","$29,990",https://www.trademe.co.nz/a/motors/cars/toyota/rav4/listing/4774802141?rsqid=9ba08d9f92a04115aa63d78a1679bc22-001
2020 Toyota RAV4,"Auckland, Auckland  ",2020,"47,413km 2487cc, Petrol, Automatic","$39,990",https://www.trademe.co.nz/a/motors/cars/toyota/rav4/listing/4774773391?rsqid=9ba08d9f92a04115aa63d78a1679bc22-001
2021 Toyota RAV4,NA                  ,2021,"6,118km 1986cc, Petrol, Automatic","$42,988",https://www.trademe.co.nz/a/motors/cars/toyota/rav4/listing/4774518062?rsqid=9ba08d9f92a04115aa63d78a1679bc22-001
2023 Toyota RAV4,"Auckland, Auckland  ",2023,"18,843km 1986cc, Petrol, Automatic","$35,990",https://www.trademe.co.nz/a/motors/cars/toyota/rav4/listing/4774504810?rsqid=9ba08d9f92a04115aa63d78a1679bc22-001
2022 Toyota RAV4,"Auckland, Auckland  ",2022,"33,500km 2487cc, Petrol, Automatic","$49,900",https://www.trademe.co.nz/a/motors/cars/toyota/rav4/listing/4774891884?rsqid=9ba08d9f92a04115aa63d78a1679bc22-001
2020 Toyota RAV4,"Auckland, Auckland  ",2020,"48,290km 2487cc, Hybrid, Automatic","$45,990",https://www.trademe.co.nz/a/motors/cars/toyota/rav4/listing/4774406945?rsqid=9ba08d9f92a04115aa63d78a1679bc22-001
2020 Toyota RAV4,"Christchurch, Canterbury",2020,"47,708km 2500cc, Petrol, Automatic","$33,995",https://www.trademe.co.nz/a/motors/cars/toyota/rav4/listing/4773072854?rsqid=9d0cf20857e7434996ce7bd34924156f-001
2018 Toyota RAV4,NA                  ,2018,"58,266km 2494cc, Petrol, Automatic","$26,990",https://www.trademe.co.nz/a/motors/cars/toyota/rav4/listing/4772950851?rsqid=9d0cf20857e7434996ce7bd34924156f-001
2021 Toyota RAV4,"Auckland, Auckland  ",2021,"36,500km 2487cc, Hybrid, Automatic","$39,990",https://www.trademe.co.nz/a/motors/cars/toyota/rav4/listing/4772629548?rsqid=9d0cf20857e7434996ce7bd34924156f-001
2023 Toyota RAV4,"Auckland, Auckland  ",2023,"NZ New, Face-lift, low kms","$36,990",https://www.trademe.co.nz/a/motors/cars/toyota/rav4/listing/4772618607?rsqid=9d0cf20857e7434996ce7bd34924156f-001
2022 Toyota RAV4,"Papakura, Auckland  ",2022,"49,157km","$35,888",https://www.trademe.co.nz/a/motors/cars/toyota/rav4/listing/4773160813?rsqid=9d0cf20857e7434996ce7bd34924156f-001
2021 Toyota RAV4,"Auckland City, Auckland",2021,"41,778km 2487cc, Hybrid, Automatic","$44,000",https://www.trademe.co.nz/a/motors/cars/toyota/rav4/listing/4771659851?rsqid=9d0cf20857e7434996ce7bd34924156f-001
2023 Toyota RAV4,"Auckland City, Auckland",2023,"12,000km 2487cc, Hybrid, Automatic",,https://www.trademe.co.nz/a/motors/cars/toyota/rav4/listing/4771622587?rsqid=9d0cf20857e7434996ce7bd34924156f-001
2020 Toyota RAV4,"Auckland, Auckland  ",2020,"53,473km 2500cc, Hybrid, Automatic","$38,995",https://www.trademe.co.nz/a/motors/cars/toyota/rav4/listing/4771112270?rsqid=9d0cf20857e7434996ce7bd34924156f-001
2023 Toyota RAV4,"Auckland, Auckland  ",2023,"15,202km 1986cc, Petrol, Automatic","$36,490",https://www.trademe.co.nz/a/motors/cars/toyota/rav4/listing/4771085035?rsqid=9d0cf20857e7434996ce7bd34924156f-001
2022 Toyota RAV4,"Auckland, Auckland  ",2022,"60,827km 1986cc, Petrol, Automatic","$31,990",https://www.trademe.co.nz/a/motors/cars/toyota/rav4/listing/4770724275?rsqid=9d0cf20857e7434996ce7bd34924156f-001
2019 Toyota RAV4,"Christchurch, Canterbury",2019,"32,700km 2487cc, Hybrid, Automatic","$49,990",https://www.trademe.co.nz/a/motors/cars/toyota/rav4/listing/4769058708?rsqid=9d0cf20857e7434996ce7bd34924156f-001
2021 Toyota RAV4,NA                  ,2021,"60,000km 2487cc, Hybrid, Automatic","$44,990",https://www.trademe.co.nz/a/motors/cars/toyota/rav4/listing/4767525689?rsqid=9d0cf20857e7434996ce7bd34924156f-001
2020 Toyota RAV4,NA                  ,2020,"63,750km 2500cc, Hybrid, Automatic","$37,950",https://www.trademe.co.nz/a/motors/cars/toyota/rav4/listing/4767467666?rsqid=9d0cf20857e7434996ce7bd34924156f-001
2020 Toyota RAV4,"Wellington City, Wellington",2020,"48,000km 2487cc, Hybrid, Automatic","$47,000",https://www.trademe.co.nz/a/motors/cars/toyota/rav4/listing/4762777197?rsqid=9d0cf20857e7434996ce7bd34924156f-001
2019 Toyota RAV4,"Christchurch, Canterbury",2019,"50,742km 2500cc, Hybrid, Automatic","$35,995",https://www.trademe.co.nz/a/motors/cars/toyota/rav4/listing/4761426845?rsqid=9d0cf20857e7434996ce7bd34924156f-001
2020 Toyota RAV4,"Auckland, Auckland  ",2020,"75,569km 2500cc, Hybrid, Automatic","$40,995",https://www.trademe.co.nz/a/motors/cars/toyota/rav4/listing/4761412349?rsqid=9d0cf20857e7434996ce7bd34924156f-001
2020 Toyota RAV4,"Auckland, Auckland  ",2020,"45,948km 2500cc, Hybrid, Automatic","$37,995",https://www.trademe.co.nz/a/motors/cars/toyota/rav4/listing/4761412315?rsqid=9d0cf20857e7434996ce7bd34924156f-001
2019 Toyota RAV4,"Auckland, Auckland  ",3000,"53,000km 2487cc, Hybrid, Automatic","$44,990",https://www.trademe.co.nz/a/motors/cars/toyota/rav4/listing/4770930329?rsqid=9d0cf20857e7434996ce7bd34924156f-001
2019 Toyota RAV4,"Christchurch, Canterbury",2019,"21,066km 2500cc, Hybrid, Tiptronic","$37,990",https://www.trademe.co.nz/a/motors/cars/toyota/rav4/listing/4759800335?rsqid=9d0cf20857e7434996ce7bd34924156f-001
2024 Toyota RAV4,"Auckland, Auckland  ",2024,"2,100km 2487cc, Hybrid, Automatic","$61,990",https://www.trademe.co.nz/a/motors/cars/toyota/rav4/listing/4759387790?rsqid=9d0cf20857e7434996ce7bd34924156f-001
2022 Toyota RAV4,"Christchurch, Canterbury",2022,"20,554km 2500cc, Hybrid, Tiptronic","$50,989",https://www.trademe.co.nz/a/motors/cars/toyota/rav4/listing/4758021185?rsqid=9d0cf20857e7434996ce7bd34924156f-001
2021 Toyota RAV4,"Christchurch, Canterbury",2021,"33,250km 2487cc, Hybrid, Automatic","$53,990",https://www.trademe.co.nz/a/motors/cars/toyota/rav4/listing/4757904349?rsqid=9d0cf20857e7434996ce7bd34924156f-001
2021 Toyota RAV4,"Christchurch, Canterbury",2021,"38,700km 2487cc, Hybrid, Automatic","$50,990",https://www.trademe.co.nz/a/motors/cars/toyota/rav4/listing/4757902002?rsqid=b47a5bcdaf014512b0b3ef95c993d957-001
2020 Toyota RAV4,"Waitakere, Auckland ",2020,"69,200km 2487cc, Hybrid, Automatic","$39,980",https://www.trademe.co.nz/a/motors/cars/toyota/rav4/listing/4756042939?rsqid=b47a5bcdaf014512b0b3ef95c993d957-001
2019 Toyota RAV4,"Auckland, Auckland  ",2019,"65,685km 2500cc, Hybrid, Automatic","$34,995",https://www.trademe.co.nz/a/motors/cars/toyota/rav4/listing/4755786245?rsqid=b47a5bcdaf014512b0b3ef95c993d957-001
2023 Toyota RAV4,NA                  ,2023,"25,035km 2487cc, Hybrid, Automatic","$44,995",https://www.trademe.co.nz/a/motors/cars/toyota/rav4/listing/4755682274?rsqid=b47a5bcdaf014512b0b3ef95c993d957-001
2020 Toyota RAV4,NA                  ,2020,"48,110km 2487cc, Hybrid, Automatic","$48,995",https://www.trademe.co.nz/a/motors/cars/toyota/rav4/listing/4754640077?rsqid=b47a5bcdaf014512b0b3ef95c993d957-001
2021 Toyota RAV4,"Upper Hutt City, Wellington",2021,"64,500km 2487cc, Hybrid, Automatic","$47,500",https://www.trademe.co.nz/a/motors/cars/toyota/rav4/listing/4754569776?rsqid=b47a5bcdaf014512b0b3ef95c993d957-001
2024 Toyota RAV4,NA                  ,2024,"40km 2487cc, Hybrid, Automatic","$49,990",https://www.trademe.co.nz/a/motors/cars/toyota/rav4/listing/4754153591?rsqid=b47a5bcdaf014512b0b3ef95c993d957-001
2021 Toyota RAV4,"Christchurch, Canterbury",2021,"31,800km 2487cc, Hybrid, Automatic","$41,990",https://www.trademe.co.nz/a/motors/cars/toyota/rav4/listing/4752836837?rsqid=b47a5bcdaf014512b0b3ef95c993d957-001
2020 Toyota RAV4,NA                  ,2020,"77,445km 2487cc, Hybrid, Automatic","$35,988",https://www.trademe.co.nz/a/motors/cars/toyota/rav4/listing/4751427154?rsqid=b47a5bcdaf014512b0b3ef95c993d957-001
2020 Toyota RAV4,"Christchurch, Canterbury",2020,"61,358km 2487cc, Hybrid, Automatic","$47,790",https://www.trademe.co.nz/a/motors/cars/toyota/rav4/listing/4750064457?rsqid=b47a5bcdaf014512b0b3ef95c993d957-001
2023 Toyota RAV4,"Auckland, Auckland  ",2023,"17,400km 2487cc, Hybrid, Automatic","$44,990",https://www.trademe.co.nz/a/motors/cars/toyota/rav4/listing/4749857184?rsqid=b47a5bcdaf014512b0b3ef95c993d957-001
2020 Toyota RAV4,NA                  ,2020,"74,463km 2500cc, Hybrid, Automatic","$34,995",https://www.trademe.co.nz/a/motors/cars/toyota/rav4/listing/4748093643?rsqid=b47a5bcdaf014512b0b3ef95c993d957-001
2019 Toyota RAV4,"Auckland, Auckland  ",2019,"40,185km 2487cc, Hybrid, Automatic","$33,984",https://www.trademe.co.nz/a/motors/cars/toyota/rav4/listing/4757595548?rsqid=b47a5bcdaf014512b0b3ef95c993d957-001
2019 Toyota RAV4,"Christchurch, Canterbury",2019,"41,799km 2487cc, Petrol, Automatic","$36,990",https://www.trademe.co.nz/a/motors/cars/toyota/rav4/listing/4747896312?rsqid=b47a5bcdaf014512b0b3ef95c993d957-001
2019 Toyota RAV4,"Auckland, Auckland  ",2019,"78,163km 2500cc, Hybrid, Automatic","$39,995",https://www.trademe.co.nz/a/motors/cars/toyota/rav4/listing/4745612610?rsqid=b47a5bcdaf014512b0b3ef95c993d957-001
2020 Toyota RAV4,NA                  ,2020,"71,381km 2487cc, Petrol, Automatic","$41,000",https://www.trademe.co.nz/a/motors/cars/toyota/rav4/listing/4745044741?rsqid=b47a5bcdaf014512b0b3ef95c993d957-001
2021 Toyota RAV4,"Christchurch City, Canterbury",2021,"23,000km 2487cc, Hybrid, Automatic",,https://www.trademe.co.nz/a/motors/cars/toyota/rav4/listing/4743308250?rsqid=b47a5bcdaf014512b0b3ef95c993d957-001
2021 Toyota RAV4,"Porirua, Wellington ",2021,"42,040km 2487cc, Hybrid, Automatic","$47,995",https://www.trademe.co.nz/a/motors/cars/toyota/rav4/listing/4742723100?rsqid=b47a5bcdaf014512b0b3ef95c993d957-001
2022 Toyota RAV4,NA                  ,2022,"4,650km 2487cc, Hybrid, Automatic","$68,990",https://www.trademe.co.nz/a/motors/cars/toyota/rav4/listing/4736617339?rsqid=b47a5bcdaf014512b0b3ef95c993d957-001
2019 Toyota RAV4,"Christchurch, Canterbury",2019,"50,877km 2500cc, Hybrid, Automatic","$40,390",https://www.trademe.co.nz/a/motors/cars/toyota/rav4/listing/4734619413?rsqid=b47a5bcdaf014512b0b3ef95c993d957-001
2022 Toyota RAV4,NA                  ,2022,"36,041km 1987cc, Petrol, Automatic","$35,995",https://www.trademe.co.nz/a/motors/cars/toyota/rav4/listing/4734505563?rsqid=b47a5bcdaf014512b0b3ef95c993d957-001
2019 Toyota RAV4,"Auckland, Auckland  ",2019,"78,370km 2500cc, Hybrid, Automatic","$34,995",https://www.trademe.co.nz/a/motors/cars/toyota/rav4/listing/4732696049?rsqid=b47a5bcdaf014512b0b3ef95c993d957-001
2022 Toyota RAV4,NA                  ,2022,"34,300km 2487cc, Petrol, Automatic","$39,990",https://www.trademe.co.nz/a/motors/cars/toyota/rav4/listing/4731279466?rsqid=a065fcee505540d4bb88664c52bcff08-001
2020 Toyota RAV4,Auckland            ,2020,"37,700km 2500cc, Hybrid, Automatic","$38,490",https://www.trademe.co.nz/a/motors/cars/toyota/rav4/listing/4729872500?rsqid=a065fcee505540d4bb88664c52bcff08-001
2019 Toyota RAV4,NA                  ,2019,"76,128km 2487cc, Hybrid, Automatic","$41,988",https://www.trademe.co.nz/a/motors/cars/toyota/rav4/listing/4725035120?rsqid=a065fcee505540d4bb88664c52bcff08-001
2022 Toyota RAV4,NA                  ,2022,"31,600km 2487cc, Petrol, Automatic","$39,990",https://www.trademe.co.nz/a/motors/cars/toyota/rav4/listing/4732858590?rsqid=a065fcee505540d4bb88664c52bcff08-001
2022 Toyota RAV4,NA                  ,2022,"34,300km 2487cc, Petrol, Automatic","$39,990",https://www.trademe.co.nz/a/motors/cars/toyota/rav4/listing/4723237557?rsqid=a065fcee505540d4bb88664c52bcff08-001
2023 Toyota RAV4,NA                  ,2023,"28,032km 1987cc, Petrol, Automatic","$36,995",https://www.trademe.co.nz/a/motors/cars/toyota/rav4/listing/4723235267?rsqid=a065fcee505540d4bb88664c52bcff08-001
2023 Toyota RAV4,NA                  ,2023,"25,925km 1987cc, Petrol, Automatic","$36,995",https://www.trademe.co.nz/a/motors/cars/toyota/rav4/listing/4723235210?rsqid=a065fcee505540d4bb88664c52bcff08-001
2020 Toyota RAV4,NA                  ,2020,"47,925km 2487cc, Hybrid, Automatic","$42,990",https://www.trademe.co.nz/a/motors/cars/toyota/rav4/listing/4749853526?rsqid=a065fcee505540d4bb88664c52bcff08-001
2019 Toyota RAV4,"Christchurch, Canterbury",2019,"32,830km 2487cc, Hybrid, Automatic","$45,990",https://www.trademe.co.nz/a/motors/cars/toyota/rav4/listing/4757917215?rsqid=a065fcee505540d4bb88664c52bcff08-001
2019 Toyota RAV4,NA                  ,2019,"52,462km 2487cc, Hybrid, Automatic","$36,990",https://www.trademe.co.nz/a/motors/cars/toyota/rav4/listing/4721119271?rsqid=a065fcee505540d4bb88664c52bcff08-001
2021 Toyota RAV4,"Auckland, Auckland  ",2021,"46,719km 2487cc, Hybrid, Automatic","$42,990",https://www.trademe.co.nz/a/motors/cars/toyota/rav4/listing/4719824410?rsqid=a065fcee505540d4bb88664c52bcff08-001
2020 Toyota RAV4,NA                  ,2020,"75,000km 2487cc, Hybrid, Automatic","$37,995",https://www.trademe.co.nz/a/motors/cars/toyota/rav4/listing/4719757320?rsqid=a065fcee505540d4bb88664c52bcff08-001
2019 Toyota RAV4,"Henderson, Auckland ",2019,"40,000km 2487cc, Hybrid, Automatic","$40,500",https://www.trademe.co.nz/a/motors/cars/toyota/rav4/listing/4718269798?rsqid=a065fcee505540d4bb88664c52bcff08-001
2024 Toyota RAV4,"Auckland, Auckland  ",2024,"1,816km 2487cc, Hybrid, Automatic","$61,990",https://www.trademe.co.nz/a/motors/cars/toyota/rav4/listing/4715486670?rsqid=a065fcee505540d4bb88664c52bcff08-001
2022 Toyota RAV4,NA                  ,2022,"35,000km 2487cc, Petrol, Automatic","$39,990",https://www.trademe.co.nz/a/motors/cars/toyota/rav4/listing/4715144394?rsqid=a065fcee505540d4bb88664c52bcff08-001
2021 Toyota RAV4,"Christchurch City, Canterbury",2021,"25,795km 2487cc, Hybrid, Automatic","$43,000",https://www.trademe.co.nz/a/motors/cars/toyota/rav4/listing/4714621030?rsqid=a065fcee505540d4bb88664c52bcff08-001
2020 Toyota RAV4,NA                  ,2020,"25,954km 2487cc, Hybrid, Automatic","$44,998",https://www.trademe.co.nz/a/motors/cars/toyota/rav4/listing/4713402054?rsqid=a065fcee505540d4bb88664c52bcff08-001
2021 Toyota RAV4,"Christchurch, Canterbury",2021,"23,835km 2487cc, Hybrid, Automatic","$45,990",https://www.trademe.co.nz/a/motors/cars/toyota/rav4/listing/4757918496?rsqid=a065fcee505540d4bb88664c52bcff08-001
2022 Toyota RAV4,NA                  ,2022,"48,500km 2487cc, Petrol, Automatic","$39,990",https://www.trademe.co.nz/a/motors/cars/toyota/rav4/listing/4709724261?rsqid=a065fcee505540d4bb88664c52bcff08-001
2019 Toyota RAV4,"Christchurch, Canterbury",2019,"73,947km 2500cc, Hybrid, Automatic","$34,990",https://www.trademe.co.nz/a/motors/cars/toyota/rav4/listing/4709518147?rsqid=a065fcee505540d4bb88664c52bcff08-001
2022 Toyota RAV4,NA                  ,2022,"34,787km 2487cc, Petrol, Automatic","$40,990",https://www.trademe.co.nz/a/motors/cars/toyota/rav4/listing/4721315678?rsqid=a065fcee505540d4bb88664c52bcff08-001
2020 Toyota RAV4,"Lower Hutt, Wellington",2020,"42,300km 2487cc, Hybrid, Automatic","$38,990",https://www.trademe.co.nz/a/motors/cars/toyota/rav4/listing/4704916226?rsqid=a065fcee505540d4bb88664c52bcff08-001
2023 Toyota RAV4,NA                  ,2023,"4,900km 2487cc, Hybrid, Automatic","$53,888",https://www.trademe.co.nz/a/motors/cars/toyota/rav4/listing/4699627394?rsqid=1087e75b39724d6bbc295db8a2820149-001
2022 Toyota RAV4,NA                  ,2022,"27,308km 2487cc, Hybrid, Automatic","$52,980",https://www.trademe.co.nz/a/motors/cars/toyota/rav4/listing/4704752397?rsqid=1087e75b39724d6bbc295db8a2820149-001
2023 Toyota RAV4,"Auckland, Auckland  ",2023,"2,330km 2487cc, Petrol, Automatic","$49,990",https://www.trademe.co.nz/a/motors/cars/toyota/rav4/listing/4698109054?rsqid=1087e75b39724d6bbc295db8a2820149-001
2023 Toyota RAV4,"Auckland City, Auckland",2023,"9,789km 2487cc, Hybrid, Automatic","$57,000",https://www.trademe.co.nz/a/motors/cars/toyota/rav4/listing/4690605760?rsqid=1087e75b39724d6bbc295db8a2820149-001
2023 Toyota RAV4,NA                  ,2023,"24,939km 1986cc, Petrol, Automatic","$35,995",https://www.trademe.co.nz/a/motors/cars/toyota/rav4/listing/4690172883?rsqid=1087e75b39724d6bbc295db8a2820149-001
2022 Toyota RAV4,"Christchurch, Canterbury",2022,"44,250km 2487cc, Petrol, Automatic","$39,990",https://www.trademe.co.nz/a/motors/cars/toyota/rav4/listing/4757922265?rsqid=1087e75b39724d6bbc295db8a2820149-001
2021 Toyota RAV4,"Auckland, Auckland  ",2021,"20,521km 2487cc, Hybrid, Automatic","$65,990",https://www.trademe.co.nz/a/motors/cars/toyota/rav4/listing/4736495181?rsqid=1087e75b39724d6bbc295db8a2820149-001
2020 Toyota RAV4,NA                  ,2020,"50,690km 2487cc, Hybrid, Automatic","$39,980",https://www.trademe.co.nz/a/motors/cars/toyota/rav4/listing/4680824521?rsqid=1087e75b39724d6bbc295db8a2820149-001
2021 Toyota RAV4,"Auckland, Auckland  ",2021,"13,900km 2487cc, Hybrid, Automatic","$65,990",https://www.trademe.co.nz/a/motors/cars/toyota/rav4/listing/4680444404?rsqid=1087e75b39724d6bbc295db8a2820149-001
2020 Toyota RAV4,"Christchurch City, Canterbury",2020,"67,200km 2487cc, Hybrid, Automatic","$44,250",https://www.trademe.co.nz/a/motors/cars/toyota/rav4/listing/4728811473?rsqid=1087e75b39724d6bbc295db8a2820149-001
2019 Toyota RAV4,NA                  ,2019,"63,835km 2500cc, Hybrid, Automatic","$35,990",https://www.trademe.co.nz/a/motors/cars/toyota/rav4/listing/4677360127?rsqid=1087e75b39724d6bbc295db8a2820149-001
2022 Toyota RAV4,NA                  ,2022,"40,773km 1986cc, Petrol, Automatic","$34,988",https://www.trademe.co.nz/a/motors/cars/toyota/rav4/listing/4677045058?rsqid=1087e75b39724d6bbc295db8a2820149-001
2021 Toyota RAV4,"Auckland, Auckland  ",2021,"35,000km 2487cc, Hybrid, Automatic","$61,800",https://www.trademe.co.nz/a/motors/cars/toyota/rav4/listing/4676828946?rsqid=1087e75b39724d6bbc295db8a2820149-001
2019 Toyota RAV4,"Auckland, Auckland  ",2019,"60,045km 2500cc, Alternative, Automatic","$36,790",https://www.trademe.co.nz/a/motors/cars/toyota/rav4/listing/4674125159?rsqid=1087e75b39724d6bbc295db8a2820149-001
2022 Toyota RAV4,"Auckland, Auckland  ",2022,"48,297km 1986cc, Petrol, Automatic","$33,888",https://www.trademe.co.nz/a/motors/cars/toyota/rav4/listing/4673365362?rsqid=1087e75b39724d6bbc295db8a2820149-001
2022 Toyota RAV4,"Christchurch, Canterbury",2022,"37,263km 2487cc, Hybrid, Automatic","$55,470",https://www.trademe.co.nz/a/motors/cars/toyota/rav4/listing/4670639946?rsqid=1087e75b39724d6bbc295db8a2820149-001
2022 Toyota RAV4,"Christchurch, Canterbury",2022,"29,205km 2487cc, Hybrid, Automatic","$54,740",https://www.trademe.co.nz/a/motors/cars/toyota/rav4/listing/4669578430?rsqid=1087e75b39724d6bbc295db8a2820149-001
2021 Toyota RAV4,NA                  ,2021,"23,940km 2487cc, Hybrid, Automatic","$58,995",https://www.trademe.co.nz/a/motors/cars/toyota/rav4/listing/4664405428?rsqid=1087e75b39724d6bbc295db8a2820149-001
2020 Toyota RAV4,"Auckland, Auckland  ",2020,"Towbar, NZ New, Low kms, Balance of NZ Warranty!!!","$44,500",https://www.trademe.co.nz/a/motors/cars/toyota/rav4/listing/4690143438?rsqid=1087e75b39724d6bbc295db8a2820149-001
2020 Toyota RAV4,NA                  ,2020,"48,263km 2487cc, Hybrid, Automatic","$40,500",https://www.trademe.co.nz/a/motors/cars/toyota/rav4/listing/4658218108?rsqid=1087e75b39724d6bbc295db8a2820149-001
2020 Toyota RAV4,"Auckland, Auckland  ",2020,"54,192km 2187cc, Hybrid, Automatic","$43,990",https://www.trademe.co.nz/a/motors/cars/toyota/rav4/listing/4656741810?rsqid=1087e75b39724d6bbc295db8a2820149-001
2020 Toyota RAV4,NA                  ,2020,"20,630km 1986cc, Petrol, Automatic","$38,990",https://www.trademe.co.nz/a/motors/cars/toyota/rav4/listing/4652731229?rsqid=1087e75b39724d6bbc295db8a2820149-001
2021 Toyota RAV4,"Auckland, Auckland  ",2021,"18,314km 2487cc, Hybrid, Automatic","$45,990",https://www.trademe.co.nz/a/motors/cars/toyota/rav4/listing/4652591423?rsqid=e34048e74e484b189b2a6d7ef83f7ac9-001
2021 Toyota RAV4,"Christchurch, Canterbury",2021,"40,480km 2487cc, Hybrid, Automatic","$53,990",https://www.trademe.co.nz/a/motors/cars/toyota/rav4/listing/4757912147?rsqid=e34048e74e484b189b2a6d7ef83f7ac9-001
2021 Toyota RAV4,"Christchurch, Canterbury",2021,"3,700km 2487cc, Hybrid, Automatic","$63,990",https://www.trademe.co.nz/a/motors/cars/toyota/rav4/listing/4757914358?rsqid=e34048e74e484b189b2a6d7ef83f7ac9-001
2019 Toyota RAV4,NA                  ,2019,"56,000km 2487cc, Hybrid, Automatic","$44,990",https://www.trademe.co.nz/a/motors/cars/toyota/rav4/listing/4647264756?rsqid=e34048e74e484b189b2a6d7ef83f7ac9-001
2020 Toyota RAV4,"Christchurch, Canterbury",2020,"30,500km 2487cc, Hybrid, Automatic","$47,990",https://www.trademe.co.nz/a/motors/cars/toyota/rav4/listing/4640907230?rsqid=e34048e74e484b189b2a6d7ef83f7ac9-001
2019 Toyota RAV4,NA                  ,2019,"53,000km 2487cc, Petrol, Automatic","$38,990",https://www.trademe.co.nz/a/motors/cars/toyota/rav4/listing/4633810818?rsqid=e34048e74e484b189b2a6d7ef83f7ac9-001
2024 Toyota RAV4,"Auckland, Auckland  ",2024,"4,500km 2487cc, Hybrid, Automatic","$51,990",https://www.trademe.co.nz/a/motors/cars/toyota/rav4/listing/4631702046?rsqid=e34048e74e484b189b2a6d7ef83f7ac9-001
2019 Toyota RAV4,"Auckland, Auckland  ",2019,"65,450km 2500cc, Petrol, Automatic","$32,990",https://www.trademe.co.nz/a/motors/cars/toyota/rav4/listing/4625257084?rsqid=e34048e74e484b189b2a6d7ef83f7ac9-001
2021 Toyota RAV4,NA                  ,2021,"37,853km 2487cc, Petrol, Automatic","$39,995",https://www.trademe.co.nz/a/motors/cars/toyota/rav4/listing/4623962593?rsqid=e34048e74e484b189b2a6d7ef83f7ac9-001
2020 Toyota RAV4,NA                  ,2020,"41,100km 2487cc, Hybrid, Automatic","$49,995",https://www.trademe.co.nz/a/motors/cars/toyota/rav4/listing/4623529367?rsqid=e34048e74e484b189b2a6d7ef83f7ac9-001
2019 Toyota RAV4,"Auckland, Auckland  ",2019,"37,184km 1987cc, Petrol, Automatic","$32,800",https://www.trademe.co.nz/a/motors/cars/toyota/rav4/listing/4620256136?rsqid=e34048e74e484b189b2a6d7ef83f7ac9-001
2021 Toyota RAV4,"Auckland, Auckland  ",2021,"NZ New, Low kms, Balance of NZ Warranty!!!","$49,950",https://www.trademe.co.nz/a/motors/cars/toyota/rav4/listing/4750100433?rsqid=e34048e74e484b189b2a6d7ef83f7ac9-001
2021 Toyota RAV4,NA                  ,2021,"73,064km 2487cc, Hybrid, Automatic","$37,980",https://www.trademe.co.nz/a/motors/cars/toyota/rav4/listing/4599373494?rsqid=e34048e74e484b189b2a6d7ef83f7ac9-001
2019 Toyota RAV4,NA                  ,2019,"42,346km 2487cc, Hybrid, Automatic","$49,995",https://www.trademe.co.nz/a/motors/cars/toyota/rav4/listing/4562370087?rsqid=e34048e74e484b189b2a6d7ef83f7ac9-001
2020 Toyota RAV4,"Auckland, Auckland  ",2020,"67,892km 2487cc, Hybrid, Automatic","$38,500",https://www.trademe.co.nz/a/motors/cars/toyota/rav4/listing/4548714299?rsqid=e34048e74e484b189b2a6d7ef83f7ac9-001
2020 Toyota RAV4,"Auckland, Auckland  ",2020,"8,999km 2487cc, Hybrid, Automatic","$62,800",https://www.trademe.co.nz/a/motors/cars/toyota/rav4/listing/4544248690?rsqid=e34048e74e484b189b2a6d7ef83f7ac9-001
2021 Toyota RAV4,"Auckland, Auckland  ",2021,"12,708km 2487cc, Hybrid, Automatic","$63,650",https://www.trademe.co.nz/a/motors/cars/toyota/rav4/listing/4731261552?rsqid=e34048e74e484b189b2a6d7ef83f7ac9-001
2022 Toyota RAV4,"Auckland, Auckland  ",2022,"40,179km 2487cc, Petrol, Automatic","$38,900",https://www.trademe.co.nz/a/motors/cars/toyota/rav4/listing/4522036959?rsqid=e34048e74e484b189b2a6d7ef83f7ac9-001
2022 Toyota RAV4,NA                  ,2022,"28,980km 1986cc, Petrol, Automatic","$37,990",https://www.trademe.co.nz/a/motors/cars/toyota/rav4/listing/4505943485?rsqid=e34048e74e484b189b2a6d7ef83f7ac9-001
2022 Toyota RAV4,NA                  ,2022,"25,179km 2487cc, Petrol, Automatic","$44,995",https://www.trademe.co.nz/a/motors/cars/toyota/rav4/listing/4431154555?rsqid=e34048e74e484b189b2a6d7ef83f7ac9-001
2019 Toyota RAV4,NA                  ,2019,"47,630km 2000cc, Petrol, Automatic","$35,984",https://www.trademe.co.nz/a/motors/cars/toyota/rav4/listing/4300267781?rsqid=e34048e74e484b189b2a6d7ef83f7ac9-001
2020 Toyota RAV4,NA                  ,2020,"20,000km 2487cc, Petrol, Automatic","$41,990",https://www.trademe.co.nz/a/motors/cars/toyota/rav4/listing/4267425112?rsqid=e34048e74e484b189b2a6d7ef83f7ac9-001
2021 Toyota RAV4,NA                  ,2021,"6,500km 2487cc, Hybrid, Automatic","$69,990",https://www.trademe.co.nz/a/motors/cars/toyota/rav4/listing/4245137404?rsqid=1bc1f908af9e4268a54a99fbd8fef181-001
2020 Toyota RAV4,"Christchurch, Canterbury",2020,"60,170km 2500cc, Hybrid, Automatic","$38,950",https://www.trademe.co.nz/a/motors/cars/toyota/rav4/listing/4411008435?rsqid=1bc1f908af9e4268a54a99fbd8fef181-001
2020 Toyota RAV4,"Auckland, Auckland  ",2020,"61,098km 2487cc, Hybrid, Automatic","$35,655",https://www.trademe.co.nz/a/motors/cars/toyota/rav4/listing/4776325519?rsqid=1bc1f908af9e4268a54a99fbd8fef181-001
2021 Toyota RAV4,"Auckland, Auckland  ",2021,"59,856km 2487cc, Hybrid, Automatic","$36,990",https://www.trademe.co.nz/a/motors/cars/toyota/rav4/listing/4776075495?rsqid=1bc1f908af9e4268a54a99fbd8fef181-001
2019 Toyota RAV4,NA                  ,2019,"44,081km 2487cc, Petrol, Automatic","$34,995",https://www.trademe.co.nz/a/motors/cars/toyota/rav4/listing/4773187867?rsqid=1bc1f908af9e4268a54a99fbd8fef181-001
2022 Toyota RAV4,NA                  ,2022,"25,256km 2487cc, Petrol, Automatic","$40,990",https://www.trademe.co.nz/a/motors/cars/toyota/rav4/listing/4773187862?rsqid=1bc1f908af9e4268a54a99fbd8fef181-001
2022 Toyota RAV4,NA                  ,2022,"41,961km 1986cc, Petrol, Automatic","$33,990",https://www.trademe.co.nz/a/motors/cars/toyota/rav4/listing/4773090360?rsqid=1bc1f908af9e4268a54a99fbd8fef181-001
2020 Toyota RAV4,"Christchurch, Canterbury",2020,"27,236km 1986cc, Petrol, Automatic","$33,950",https://www.trademe.co.nz/a/motors/cars/toyota/rav4/listing/4773039700?rsqid=1bc1f908af9e4268a54a99fbd8fef181-001
2020 Toyota RAV4,"Porirua, Wellington ",2020,"66,048km 2487cc, Hybrid, Automatic","$34,355",https://www.trademe.co.nz/a/motors/cars/toyota/rav4/listing/4772856960?rsqid=1bc1f908af9e4268a54a99fbd8fef181-001
2022 Toyota RAV4,"Warkworth, Auckland ",2022,"20,793km 2487cc, Hybrid, Automatic","$47,990",https://www.trademe.co.nz/a/motors/cars/toyota/rav4/listing/4772781546?rsqid=1bc1f908af9e4268a54a99fbd8fef181-001
2023 Toyota RAV4,"Warkworth, Auckland ",2023,"21,578km 2487cc, Hybrid, Automatic","$49,990",https://www.trademe.co.nz/a/motors/cars/toyota/rav4/listing/4772734081?rsqid=1bc1f908af9e4268a54a99fbd8fef181-001
2022 Toyota RAV4,NA                  ,2022,"53,965km 1986cc, Petrol, Automatic","$32,990",https://www.trademe.co.nz/a/motors/cars/toyota/rav4/listing/4772409803?rsqid=1bc1f908af9e4268a54a99fbd8fef181-001
2021 Toyota RAV4,"Northshore, Auckland",2021,"59,855km 1986cc, Petrol, Automatic","$32,987",https://www.trademe.co.nz/a/motors/cars/toyota/rav4/listing/4771085198?rsqid=1bc1f908af9e4268a54a99fbd8fef181-001
2021 Toyota RAV4,NA                  ,2021,"65,566km 2487cc, Hybrid, Automatic","$37,095",https://www.trademe.co.nz/a/motors/cars/toyota/rav4/listing/4768719088?rsqid=1bc1f908af9e4268a54a99fbd8fef181-001
2022 Toyota RAV4,"Christchurch, Canterbury",2022,"42,226km 2487cc, Hybrid, Automatic","$51,950",https://www.trademe.co.nz/a/motors/cars/toyota/rav4/listing/4767612200?rsqid=1bc1f908af9e4268a54a99fbd8fef181-001
2021 Toyota RAV4,NA                  ,2021,"33,431km 2500cc, Hybrid, Automatic","$46,990",https://www.trademe.co.nz/a/motors/cars/toyota/rav4/listing/4767467921?rsqid=1bc1f908af9e4268a54a99fbd8fef181-001
2021 Toyota RAV4,"Christchurch, Canterbury",2021,"19,416km 2487cc, Hybrid, Automatic","$40,095",https://www.trademe.co.nz/a/motors/cars/toyota/rav4/listing/4765893933?rsqid=1bc1f908af9e4268a54a99fbd8fef181-001
2020 Toyota RAV4,"Auckland, Auckland  ",2020,"32,300km 2487cc, Alternative, Automatic","$41,990",https://www.trademe.co.nz/a/motors/cars/toyota/rav4/listing/4763264744?rsqid=1bc1f908af9e4268a54a99fbd8fef181-001
2020 Toyota RAV4,NA                  ,2020,"24,200km 2487cc, Petrol, Automatic","$42,990",https://www.trademe.co.nz/a/motors/cars/toyota/rav4/listing/4759397740?rsqid=1bc1f908af9e4268a54a99fbd8fef181-001
2019 Toyota RAV4,"Auckland, Auckland  ",2019,"53,235km 1986cc, Petrol, Automatic","$29,555",https://www.trademe.co.nz/a/motors/cars/toyota/rav4/listing/4757881145?rsqid=1bc1f908af9e4268a54a99fbd8fef181-001
2021 Toyota RAV4,NA                  ,2021,"40,241km 2487cc, Hybrid, Automatic","$39,595",https://www.trademe.co.nz/a/motors/cars/toyota/rav4/listing/4757689834?rsqid=1bc1f908af9e4268a54a99fbd8fef181-001
2021 Toyota RAV4,NA                  ,2021,"60,328km 2487cc, Hybrid, Automatic","$37,595",https://www.trademe.co.nz/a/motors/cars/toyota/rav4/listing/4756378773?rsqid=1bc1f908af9e4268a54a99fbd8fef181-001
2019 Toyota RAV4,"Auckland, Auckland  ",2019,"58,567km 2487cc, Hybrid, Automatic","$39,990",https://www.trademe.co.nz/a/motors/cars/toyota/rav4/listing/4756086511?rsqid=d0ec9bcc74704b79b050f2485ba0c83d-001
2021 Toyota RAV4,"Auckland, Auckland  ",2021,"57,842km 2487cc, Petrol, Automatic","$41,990",https://www.trademe.co.nz/a/motors/cars/toyota/rav4/listing/4756086445?rsqid=d0ec9bcc74704b79b050f2485ba0c83d-001
2021 Toyota RAV4,"Auckland, Auckland  ",2021,"59,816km 2487cc, Petrol, Automatic","$39,990",https://www.trademe.co.nz/a/motors/cars/toyota/rav4/listing/4756086537?rsqid=d0ec9bcc74704b79b050f2485ba0c83d-001
2022 Toyota RAV4,NA                  ,2022,"40,800km 2487cc, Petrol, Automatic","$41,995",https://www.trademe.co.nz/a/motors/cars/toyota/rav4/listing/4754455490?rsqid=d0ec9bcc74704b79b050f2485ba0c83d-001
2020 Toyota RAV4,"Christchurch, Canterbury",2020,"72,919km 2487cc, Hybrid, Automatic","$36,493",https://www.trademe.co.nz/a/motors/cars/toyota/rav4/listing/4754314731?rsqid=d0ec9bcc74704b79b050f2485ba0c83d-001
2019 Toyota RAV4,NA                  ,2019,"26,500km 2487cc, Hybrid, Automatic","$48,990",https://www.trademe.co.nz/a/motors/cars/toyota/rav4/listing/4752671764?rsqid=d0ec9bcc74704b79b050f2485ba0c83d-001
2023 Toyota RAV4,NA                  ,2023,"14,850km 2487cc, Hybrid, Automatic","$56,990",https://www.trademe.co.nz/a/motors/cars/toyota/rav4/listing/4752671758?rsqid=d0ec9bcc74704b79b050f2485ba0c83d-001
2020 Toyota RAV4,"Northshore, Auckland",2020,"54,457km 1986cc, Petrol, Automatic","$32,993",https://www.trademe.co.nz/a/motors/cars/toyota/rav4/listing/4750206560?rsqid=d0ec9bcc74704b79b050f2485ba0c83d-001
2019 Toyota RAV4,NA                  ,2019,"65,006km 1986cc, Petrol, Automatic","$35,995",https://www.trademe.co.nz/a/motors/cars/toyota/rav4/listing/4750116654?rsqid=d0ec9bcc74704b79b050f2485ba0c83d-001
2021 Toyota RAV4,NA                  ,2021,"64,168km 2487cc, Hybrid, Automatic","$38,095",https://www.trademe.co.nz/a/motors/cars/toyota/rav4/listing/4749774235?rsqid=d0ec9bcc74704b79b050f2485ba0c83d-001
2021 Toyota RAV4,NA                  ,2021,"48,630km 2487cc, Hybrid, Automatic","$38,095",https://www.trademe.co.nz/a/motors/cars/toyota/rav4/listing/4753876546?rsqid=d0ec9bcc74704b79b050f2485ba0c83d-001
2021 Toyota RAV4,"Christchurch, Canterbury",2021,"59,300km 2487cc, Hybrid, Automatic","$44,990",https://www.trademe.co.nz/a/motors/cars/toyota/rav4/listing/4747961204?rsqid=d0ec9bcc74704b79b050f2485ba0c83d-001
2021 Toyota RAV4,NA                  ,2021,"58,156km 2487cc, Hybrid, Automatic","$38,595",https://www.trademe.co.nz/a/motors/cars/toyota/rav4/listing/4746211714?rsqid=d0ec9bcc74704b79b050f2485ba0c83d-001
2022 Toyota RAV4,NA                  ,2022,"11,400km 2487cc, Hybrid, Automatic","$59,995",https://www.trademe.co.nz/a/motors/cars/toyota/rav4/listing/4745978958?rsqid=d0ec9bcc74704b79b050f2485ba0c83d-001
2019 Toyota RAV4,"Auckland, Auckland  ",2019,"78,000km 2400cc, Hybrid, Automatic","$39,974",https://www.trademe.co.nz/a/motors/cars/toyota/rav4/listing/4744382811?rsqid=d0ec9bcc74704b79b050f2485ba0c83d-001
2020 Toyota RAV4,"Northshore, Auckland",2020,"59,575km 2487cc, Hybrid, Automatic","$36,993",https://www.trademe.co.nz/a/motors/cars/toyota/rav4/listing/4755667052?rsqid=d0ec9bcc74704b79b050f2485ba0c83d-001
2021 Toyota RAV4,"Auckland, Auckland  ",2021,"22,258km 2487cc, Hybrid, Automatic","$41,095",https://www.trademe.co.nz/a/motors/cars/toyota/rav4/listing/4738476375?rsqid=d0ec9bcc74704b79b050f2485ba0c83d-001
2019 Toyota RAV4,NA                  ,2019,"43,000km 2487cc, Hybrid, Automatic","$38,995",https://www.trademe.co.nz/a/motors/cars/toyota/rav4/listing/4738004131?rsqid=d0ec9bcc74704b79b050f2485ba0c83d-001
2023 Toyota RAV4,NA                  ,2026,"20,611km 1986cc, Petrol, Automatic","$35,990",https://www.trademe.co.nz/a/motors/cars/toyota/rav4/listing/4736617078?rsqid=d0ec9bcc74704b79b050f2485ba0c83d-001
2023 Toyota RAV4,NA                  ,2023,"25,686km 2487cc, Hybrid, Automatic","$44,995",https://www.trademe.co.nz/a/motors/cars/toyota/rav4/listing/4736595484?rsqid=d0ec9bcc74704b79b050f2485ba0c83d-001
2020 Toyota RAV4,"Auckland, Auckland  ",2020,"44,244km 1986cc, Petrol, Automatic","$32,595",https://www.trademe.co.nz/a/motors/cars/toyota/rav4/listing/4736534857?rsqid=d0ec9bcc74704b79b050f2485ba0c83d-001
2022 Toyota RAV4,"Christchurch, Canterbury",2022,"36,838km 2487cc, Petrol, Automatic","$41,950",https://www.trademe.co.nz/a/motors/cars/toyota/rav4/listing/4734174421?rsqid=d0ec9bcc74704b79b050f2485ba0c83d-001
2022 Toyota RAV4,"Christchurch, Canterbury",2022,"26,125km 2487cc, Petrol, Automatic","$42,950",https://www.trademe.co.nz/a/motors/cars/toyota/rav4/listing/4734173433?rsqid=af413394d0ef4c75a0428ec6578609cc-001
2022 Toyota RAV4,"Christchurch, Canterbury",2022,"23,635km 2487cc, Petrol, Automatic","$42,950",https://www.trademe.co.nz/a/motors/cars/toyota/rav4/listing/4734169734?rsqid=af413394d0ef4c75a0428ec6578609cc-001
2021 Toyota RAV4,"Auckland, Auckland  ",2021,"20,412km 2487cc, Hybrid, Automatic","$40,595",https://www.trademe.co.nz/a/motors/cars/toyota/rav4/listing/4733100091?rsqid=af413394d0ef4c75a0428ec6578609cc-001
2021 Toyota RAV4,"Auckland, Auckland  ",2021,"44,570km 2487cc, Hybrid, Automatic","$39,595",https://www.trademe.co.nz/a/motors/cars/toyota/rav4/listing/4733099653?rsqid=af413394d0ef4c75a0428ec6578609cc-001
2020 Toyota RAV4,NA                  ,2020,"52,200km 2487cc, Hybrid, Automatic","$45,990",https://www.trademe.co.nz/a/motors/cars/toyota/rav4/listing/4732645767?rsqid=af413394d0ef4c75a0428ec6578609cc-001
2021 Toyota RAV4,"Auckland, Auckland  ",2021,"25,240km 2487cc, Hybrid, Automatic","$40,595",https://www.trademe.co.nz/a/motors/cars/toyota/rav4/listing/4731359615?rsqid=af413394d0ef4c75a0428ec6578609cc-001
2022 Toyota RAV4,NA                  ,2022,"30,600km 2487cc, Petrol, Automatic","$40,990",https://www.trademe.co.nz/a/motors/cars/toyota/rav4/listing/4726954449?rsqid=af413394d0ef4c75a0428ec6578609cc-001
2021 Toyota RAV4,NA                  ,2021,"57,963km 2500cc, Hybrid, Automatic","$46,990",https://www.trademe.co.nz/a/motors/cars/toyota/rav4/listing/4724744983?rsqid=af413394d0ef4c75a0428ec6578609cc-001
2020 Toyota RAV4,NA                  ,2020,"63,300km 2487cc, Hybrid, Automatic","$43,995",https://www.trademe.co.nz/a/motors/cars/toyota/rav4/listing/4723385852?rsqid=af413394d0ef4c75a0428ec6578609cc-001
2022 Toyota RAV4,NA                  ,2022,"54,966km 1987cc, Petrol, Automatic","$34,990",https://www.trademe.co.nz/a/motors/cars/toyota/rav4/listing/4723375697?rsqid=af413394d0ef4c75a0428ec6578609cc-001
2021 Toyota RAV4,"Auckland, Auckland  ",2021,"50,240km 2487cc, Hybrid, Automatic","$38,595",https://www.trademe.co.nz/a/motors/cars/toyota/rav4/listing/4744503489?rsqid=af413394d0ef4c75a0428ec6578609cc-001
2020 Toyota RAV4,NA                  ,2020,"71,850km 2487cc, Hybrid, Automatic","$37,990",https://www.trademe.co.nz/a/motors/cars/toyota/rav4/listing/4721320818?rsqid=af413394d0ef4c75a0428ec6578609cc-001
2020 Toyota RAV4,"Northshore, Auckland",2020,"53,345km 1986cc, Petrol, Automatic","$31,095",https://www.trademe.co.nz/a/motors/cars/toyota/rav4/listing/4719854729?rsqid=af413394d0ef4c75a0428ec6578609cc-001
2019 Toyota RAV4,"Auckland, Auckland  ",2019,"62,200km 2500cc, Hybrid, Automatic","$39,950",https://www.trademe.co.nz/a/motors/cars/toyota/rav4/listing/4716911013?rsqid=af413394d0ef4c75a0428ec6578609cc-001
2023 Toyota RAV4,NA                  ,2023,"5,390km 2487cc, Hybrid, Automatic","$54,995",https://www.trademe.co.nz/a/motors/cars/toyota/rav4/listing/4716763281?rsqid=af413394d0ef4c75a0428ec6578609cc-001
2023 Toyota RAV4,NA                  ,2023,"4,997km 2487cc, Hybrid, Automatic","$54,995",https://www.trademe.co.nz/a/motors/cars/toyota/rav4/listing/4716712137?rsqid=af413394d0ef4c75a0428ec6578609cc-001
2019 Toyota RAV4,"Christchurch, Canterbury",2019,"72,340km 2500cc, Petrol, Automatic","$36,450",https://www.trademe.co.nz/a/motors/cars/toyota/rav4/listing/4715356306?rsqid=af413394d0ef4c75a0428ec6578609cc-001
2022 Toyota RAV4,NA                  ,2022,"45,765km 2487cc, Petrol, Automatic","$39,990",https://www.trademe.co.nz/a/motors/cars/toyota/rav4/listing/4712988236?rsqid=af413394d0ef4c75a0428ec6578609cc-001
2020 Toyota RAV4,"Porirua, Wellington ",2020,"64,264km 1986cc, Petrol, Automatic","$30,095",https://www.trademe.co.nz/a/motors/cars/toyota/rav4/listing/4711216812?rsqid=af413394d0ef4c75a0428ec6578609cc-001
2023 Toyota RAV4,NA                  ,2023,"10,600km 1987cc, Petrol, Automatic","$36,995",https://www.trademe.co.nz/a/motors/cars/toyota/rav4/listing/4711204148?rsqid=af413394d0ef4c75a0428ec6578609cc-001
2020 Toyota RAV4,NA                  ,2020,"70,745km 2487cc, Hybrid, Automatic","$45,990",https://www.trademe.co.nz/a/motors/cars/toyota/rav4/listing/4711085460?rsqid=af413394d0ef4c75a0428ec6578609cc-001
2019 Toyota RAV4,"Auckland, Auckland  ",2019,"15,532km 2487cc, Hybrid, Automatic","$45,990",https://www.trademe.co.nz/a/motors/cars/toyota/rav4/listing/4708686505?rsqid=af413394d0ef4c75a0428ec6578609cc-001
2020 Toyota RAV4,NA                  ,2020,"52,056km 2487cc, Hybrid, Automatic","$42,990",https://www.trademe.co.nz/a/motors/cars/toyota/rav4/listing/4708401597?rsqid=b3a7b16f62684860b2081de108ab9eec-001
2018 Toyota RAV4,"Auckland, Auckland  ",2018,"69,990km 2494cc, Petrol, Automatic","$26,990",https://www.trademe.co.nz/a/motors/cars/toyota/rav4/listing/4706907632?rsqid=b3a7b16f62684860b2081de108ab9eec-001
2020 Toyota RAV4,NA                  ,2020,"75,257km 2500cc, Hybrid, Automatic","$35,999",https://www.trademe.co.nz/a/motors/cars/toyota/rav4/listing/4705250933?rsqid=b3a7b16f62684860b2081de108ab9eec-001
2019 Toyota RAV4,NA                  ,2019,"53,950km 1986cc, Petrol, Automatic","$35,990",https://www.trademe.co.nz/a/motors/cars/toyota/rav4/listing/4703692508?rsqid=b3a7b16f62684860b2081de108ab9eec-001
2019 Toyota RAV4,NA                  ,2019,"66,100km 2487cc, Petrol, Automatic","$35,999",https://www.trademe.co.nz/a/motors/cars/toyota/rav4/listing/4703298589?rsqid=b3a7b16f62684860b2081de108ab9eec-001
2020 Toyota RAV4,NA                  ,2020,"49,406km 2487cc, Hybrid, Automatic","$42,990",https://www.trademe.co.nz/a/motors/cars/toyota/rav4/listing/4700309274?rsqid=b3a7b16f62684860b2081de108ab9eec-001
2020 Toyota RAV4,NA                  ,2020,"55,800km 2487cc, Hybrid, Automatic","$47,995",https://www.trademe.co.nz/a/motors/cars/toyota/rav4/listing/4699651447?rsqid=b3a7b16f62684860b2081de108ab9eec-001
2021 Toyota RAV4,"Auckland, Auckland  ",2021,"43,573km 2487cc, Hybrid, Automatic","$40,888",https://www.trademe.co.nz/a/motors/cars/toyota/rav4/listing/4698421043?rsqid=b3a7b16f62684860b2081de108ab9eec-001
2023 Toyota RAV4,NA                  ,2023,"3,619km 2487cc, Hybrid, Automatic","$58,995",https://www.trademe.co.nz/a/motors/cars/toyota/rav4/listing/4698302349?rsqid=b3a7b16f62684860b2081de108ab9eec-001
2023 Toyota RAV4,NA                  ,2023,"7,763km 1987cc, Petrol, Automatic","$36,990",https://www.trademe.co.nz/a/motors/cars/toyota/rav4/listing/4697275373?rsqid=b3a7b16f62684860b2081de108ab9eec-001
2019 Toyota RAV4,"Auckland, Auckland  ",2019,"70,000km 2487cc, Hybrid, Automatic","$36,889",https://www.trademe.co.nz/a/motors/cars/toyota/rav4/listing/4769148299?rsqid=b3a7b16f62684860b2081de108ab9eec-001
2021 Toyota RAV4,"Auckland, Auckland  ",2021,"29,037km 2487cc, Hybrid, Automatic","$39,595",https://www.trademe.co.nz/a/motors/cars/toyota/rav4/listing/4692110424?rsqid=b3a7b16f62684860b2081de108ab9eec-001
2021 Toyota RAV4,NA                  ,2021,"45,310km 2500cc, Hybrid, Automatic","$48,990",https://www.trademe.co.nz/a/motors/cars/toyota/rav4/listing/4689967855?rsqid=b3a7b16f62684860b2081de108ab9eec-001
2020 Toyota RAV4,NA                  ,2020,"50,500km 2487cc, Hybrid, Automatic","$46,990",https://www.trademe.co.nz/a/motors/cars/toyota/rav4/listing/4686677911?rsqid=b3a7b16f62684860b2081de108ab9eec-001
2019 Toyota RAV4,NA                  ,2019,"50,100km 2487cc, Petrol, Automatic","$35,990",https://www.trademe.co.nz/a/motors/cars/toyota/rav4/listing/4686677839?rsqid=b3a7b16f62684860b2081de108ab9eec-001
2021 Toyota RAV4,NA                  ,2021,"29,772km 2487cc, Hybrid, Automatic","$63,990",https://www.trademe.co.nz/a/motors/cars/toyota/rav4/listing/4686677792?rsqid=b3a7b16f62684860b2081de108ab9eec-001
2021 Toyota RAV4,NA                  ,2021,"26,900km 2487cc, Hybrid, Automatic","$54,990",https://www.trademe.co.nz/a/motors/cars/toyota/rav4/listing/4676808632?rsqid=b3a7b16f62684860b2081de108ab9eec-001
2022 Toyota RAV4,"Christchurch, Canterbury",2022,"28,854km 2487cc, Petrol, Automatic","$38,850",https://www.trademe.co.nz/a/motors/cars/toyota/rav4/listing/4669015751?rsqid=b3a7b16f62684860b2081de108ab9eec-001
2020 Toyota RAV4,"Christchurch, Canterbury",2020,"70,211km 2500cc, Hybrid, Automatic","$46,395",https://www.trademe.co.nz/a/motors/cars/toyota/rav4/listing/4659259386?rsqid=b3a7b16f62684860b2081de108ab9eec-001
2020 Toyota RAV4,NA                  ,2020,"27,300km 1987cc, Petrol, Automatic","$34,995",https://www.trademe.co.nz/a/motors/cars/toyota/rav4/listing/4650689675?rsqid=b3a7b16f62684860b2081de108ab9eec-001
2019 Toyota RAV4,NA                  ,2019,"66,675km 1986cc, Petrol, Automatic","$29,990",https://www.trademe.co.nz/a/motors/cars/toyota/rav4/listing/4647175260?rsqid=b3a7b16f62684860b2081de108ab9eec-001
2022 Toyota RAV4,"Auckland, Auckland  ",2022,"20,700km 2487cc, Alternative, Automatic","$49,990",https://www.trademe.co.nz/a/motors/cars/toyota/rav4/listing/4637071417?rsqid=b3a7b16f62684860b2081de108ab9eec-001
2022 Toyota RAV4,NA                  ,2022,"27,900km 2487cc, Petrol, Automatic","$41,995",https://www.trademe.co.nz/a/motors/cars/toyota/rav4/listing/4636647496?rsqid=020936acc5fa495d9bba6dbb0d38eeb9-001
2020 Toyota RAV4,Auckland            ,2020,"64,895km 1980cc, Petrol, Automatic","$35,845",https://www.trademe.co.nz/a/motors/cars/toyota/rav4/listing/4763208286?rsqid=020936acc5fa495d9bba6dbb0d38eeb9-001
2021 Toyota RAV4,NA                  ,2021,"66,070km 2487cc, Hybrid, Automatic","$54,990",https://www.trademe.co.nz/a/motors/cars/toyota/rav4/listing/4605693991?rsqid=020936acc5fa495d9bba6dbb0d38eeb9-001
2019 Toyota RAV4,NA                  ,2019,"52,178km 2000cc, Petrol, Automatic","$32,999",https://www.trademe.co.nz/a/motors/cars/toyota/rav4/listing/4601201982?rsqid=020936acc5fa495d9bba6dbb0d38eeb9-001
2022 Toyota RAV4,NA                  ,2022,"41,618km 2487cc, Petrol, Automatic","$41,990",https://www.trademe.co.nz/a/motors/cars/toyota/rav4/listing/4599391389?rsqid=020936acc5fa495d9bba6dbb0d38eeb9-001
2020 Toyota RAV4,Auckland            ,2020,"68,523km 2000cc, Petrol, Automatic","$34,845",https://www.trademe.co.nz/a/motors/cars/toyota/rav4/listing/4596468244?rsqid=020936acc5fa495d9bba6dbb0d38eeb9-001
2022 Toyota RAV4,NA                  ,2022,"35,352km 1987cc, Petrol, Automatic","$36,990",https://www.trademe.co.nz/a/motors/cars/toyota/rav4/listing/4545646059?rsqid=020936acc5fa495d9bba6dbb0d38eeb9-001
2022 Toyota RAV4,NA                  ,2022,"37,250km 2487cc, Petrol, Automatic","$37,990",https://www.trademe.co.nz/a/motors/cars/toyota/rav4/listing/4506080879?rsqid=020936acc5fa495d9bba6dbb0d38eeb9-001
2019 Toyota RAV4,"Christchurch, Canterbury",2019,"73,861km 2500cc, Petrol, Automatic","$37,999",https://www.trademe.co.nz/a/motors/cars/toyota/rav4/listing/4481852801?rsqid=020936acc5fa495d9bba6dbb0d38eeb9-001
2020 Toyota RAV4,"Christchurch, Canterbury",2020,"64,030km 2500cc, Hybrid, Automatic","$41,950",https://www.trademe.co.nz/a/motors/cars/toyota/rav4/listing/4734150655?rsqid=020936acc5fa495d9bba6dbb0d38eeb9-001
2019 Toyota RAV4,NA                  ,2019,"25,656km 2000cc, Petrol, Tiptronic","$38,999",https://www.trademe.co.nz/a/motors/cars/toyota/rav4/listing/4347003833?rsqid=020936acc5fa495d9bba6dbb0d38eeb9-001
2019 Toyota RAV4,NA                  ,2019,"70,539km Electric, Automatic","$35,990",https://www.trademe.co.nz/a/motors/cars/toyota/rav4/listing/4767513427?rsqid=020936acc5fa495d9bba6dbb0d38eeb9-001
2023 Toyota RAV4,"Wellington, Wellington",2023,"24,747km 1987cc, Petrol, Automatic","$35,490",https://www.trademe.co.nz/a/motors/cars/toyota/rav4/listing/4773161729?rsqid=020936acc5fa495d9bba6dbb0d38eeb9-001
2021 Toyota RAV4,NA                  ,2021,"66,851km 2487cc, Hybrid, Automatic","$37,095",https://www.trademe.co.nz/a/motors/cars/toyota/rav4/listing/4771217763?rsqid=020936acc5fa495d9bba6dbb0d38eeb9-001
2021 Toyota RAV4,NA                  ,2021,"52,214km 2487cc, Hybrid, Automatic","$37,595",https://www.trademe.co.nz/a/motors/cars/toyota/rav4/listing/4769159089?rsqid=020936acc5fa495d9bba6dbb0d38eeb9-001
2020 Toyota RAV4,NA                  ,2020,"62,581km 2487cc, Hybrid, Automatic","$37,095",https://www.trademe.co.nz/a/motors/cars/toyota/rav4/listing/4761699262?rsqid=020936acc5fa495d9bba6dbb0d38eeb9-001
2021 Toyota RAV4,NA                  ,2021,"52,767km 2487cc, Hybrid, Automatic","$39,570",https://www.trademe.co.nz/a/motors/cars/toyota/rav4/listing/4761699260?rsqid=020936acc5fa495d9bba6dbb0d38eeb9-001
2020 Toyota RAV4,NA                  ,2020,"67,087km 2000cc, Petrol, Automatic","$28,999",https://www.trademe.co.nz/a/motors/cars/toyota/rav4/listing/4761651385?rsqid=020936acc5fa495d9bba6dbb0d38eeb9-001
2022 Toyota RAV4,"Wellington, Wellington",2022,"52,025km 2487cc, Petrol, Automatic","$38,990",https://www.trademe.co.nz/a/motors/cars/toyota/rav4/listing/4759825471?rsqid=020936acc5fa495d9bba6dbb0d38eeb9-001
2021 Toyota RAV4,"Wellington, Wellington",2021,"42,204km 2487cc, Hybrid, Automatic","$45,990",https://www.trademe.co.nz/a/motors/cars/toyota/rav4/listing/4759739933?rsqid=020936acc5fa495d9bba6dbb0d38eeb9-001
2023 Toyota RAV4,"Wellington, Wellington",2023,"3,110km 2487cc, Hybrid, Automatic","$51,990",https://www.trademe.co.nz/a/motors/cars/toyota/rav4/listing/4759647224?rsqid=020936acc5fa495d9bba6dbb0d38eeb9-001
2022 Toyota RAV4,NA                  ,2022,"42,654km 2487cc, Petrol, Automatic","$40,490",https://www.trademe.co.nz/a/motors/cars/toyota/rav4/listing/4757625095?rsqid=020936acc5fa495d9bba6dbb0d38eeb9-001
2021 Toyota RAV4,NA                  ,2021,"65,620km 2487cc, Hybrid, Automatic","$37,595",https://www.trademe.co.nz/a/motors/cars/toyota/rav4/listing/4757367442?rsqid=d5679c58ae2249e3a9a5e2df61cf26aa-001
2021 Toyota RAV4,NA                  ,2021,"59,800km 2487cc, Hybrid, Automatic","$37,595",https://www.trademe.co.nz/a/motors/cars/toyota/rav4/listing/4756348100?rsqid=d5679c58ae2249e3a9a5e2df61cf26aa-001
2019 Toyota RAV4,"Auckland, Auckland  ",2019,"39,700km 2500cc, Hybrid, Automatic","$37,880",https://www.trademe.co.nz/a/motors/cars/toyota/rav4/listing/4755874664?rsqid=d5679c58ae2249e3a9a5e2df61cf26aa-001
2019 Toyota RAV4,"Wellington, Wellington",2019,"58,000km 2487cc, Hybrid, Automatic","$37,990",https://www.trademe.co.nz/a/motors/cars/toyota/rav4/listing/4749706029?rsqid=d5679c58ae2249e3a9a5e2df61cf26aa-001
2019 Toyota RAV4,NA                  ,2019,"77,000km 2487cc, Hybrid, Automatic","$42,990",https://www.trademe.co.nz/a/motors/cars/toyota/rav4/listing/4747514429?rsqid=d5679c58ae2249e3a9a5e2df61cf26aa-001
2020 Toyota RAV4,NA                  ,2020,"15,229km 2487cc, Hybrid, Automatic","$51,990",https://www.trademe.co.nz/a/motors/cars/toyota/rav4/listing/4746283428?rsqid=d5679c58ae2249e3a9a5e2df61cf26aa-001
2021 Toyota RAV4,NA                  ,2021,"36,774km 2487cc, Hybrid, Automatic","$40,095",https://www.trademe.co.nz/a/motors/cars/toyota/rav4/listing/4744600558?rsqid=d5679c58ae2249e3a9a5e2df61cf26aa-001
2021 Toyota RAV4,NA                  ,2021,"47,824km 2487cc, Hybrid, Automatic","$38,695",https://www.trademe.co.nz/a/motors/cars/toyota/rav4/listing/4739645775?rsqid=d5679c58ae2249e3a9a5e2df61cf26aa-001
2023 Toyota RAV4,NA                  ,2026,"26,633km 2487cc, Hybrid, Automatic","$45,990",https://www.trademe.co.nz/a/motors/cars/toyota/rav4/listing/4736370716?rsqid=d5679c58ae2249e3a9a5e2df61cf26aa-001
2020 Toyota RAV4,NA                  ,2020,"29,257km 1987cc, Petrol, Automatic","$32,990",https://www.trademe.co.nz/a/motors/cars/toyota/rav4/listing/4736298919?rsqid=d5679c58ae2249e3a9a5e2df61cf26aa-001
2019 Toyota RAV4,NA                  ,2019,"61,619km 2487cc, Petrol, Automatic","$38,950",https://www.trademe.co.nz/a/motors/cars/toyota/rav4/listing/4736143558?rsqid=d5679c58ae2249e3a9a5e2df61cf26aa-001
2021 Toyota RAV4,NA                  ,2021,"4WD Hybrid! Only 46km - great spec, great look!","$42,995",https://www.trademe.co.nz/a/motors/cars/toyota/rav4/listing/4733113915?rsqid=d5679c58ae2249e3a9a5e2df61cf26aa-001
2020 Toyota RAV4,NA                  ,2020,"59,187km 2487cc, Hybrid, Automatic","$38,495",https://www.trademe.co.nz/a/motors/cars/toyota/rav4/listing/4733085417?rsqid=d5679c58ae2249e3a9a5e2df61cf26aa-001
2019 Toyota RAV4,NA                  ,2019,"68,533km 2500cc, Petrol, Automatic","$40,899",https://www.trademe.co.nz/a/motors/cars/toyota/rav4/listing/4731267308?rsqid=d5679c58ae2249e3a9a5e2df61cf26aa-001
2022 Toyota RAV4,NA                  ,2022,"36,855km 2487cc, Petrol, Automatic","$40,990",https://www.trademe.co.nz/a/motors/cars/toyota/rav4/listing/4731093294?rsqid=d5679c58ae2249e3a9a5e2df61cf26aa-001
2021 Toyota RAV4,NA                  ,2021,"20,145km 2487cc, Petrol, Automatic","$52,990",https://www.trademe.co.nz/a/motors/cars/toyota/rav4/listing/4726235908?rsqid=d5679c58ae2249e3a9a5e2df61cf26aa-001
2020 Toyota RAV4,NA                  ,2020,"35,145km 2487cc, Hybrid, Automatic","$49,890",https://www.trademe.co.nz/a/motors/cars/toyota/rav4/listing/4726235905?rsqid=d5679c58ae2249e3a9a5e2df61cf26aa-001
2020 Toyota RAV4,NA                  ,2020,"52,287km 2487cc, Petrol, Automatic","$34,990",https://www.trademe.co.nz/a/motors/cars/toyota/rav4/listing/4724891826?rsqid=d5679c58ae2249e3a9a5e2df61cf26aa-001
2023 Toyota RAV4,NA                  ,2023,"24,200km 1986cc, Petrol, Automatic","$34,990",https://www.trademe.co.nz/a/motors/cars/toyota/rav4/listing/4721555139?rsqid=d5679c58ae2249e3a9a5e2df61cf26aa-001
2023 Toyota RAV4,"Wellington, Wellington",2023,"3,690km 2487cc, Hybrid, Automatic","$53,490",https://www.trademe.co.nz/a/motors/cars/toyota/rav4/listing/4721542586?rsqid=d5679c58ae2249e3a9a5e2df61cf26aa-001
2020 Toyota RAV4,NA                  ,2020,"75,601km 2487cc, Hybrid, Automatic","$43,990",https://www.trademe.co.nz/a/motors/cars/toyota/rav4/listing/4711784081?rsqid=d5679c58ae2249e3a9a5e2df61cf26aa-001
2021 Toyota RAV4,NA                  ,2021,"38,500km 2487cc, Hybrid, Automatic","$49,995",https://www.trademe.co.nz/a/motors/cars/toyota/rav4/listing/4708340023?rsqid=d5679c58ae2249e3a9a5e2df61cf26aa-001
2020 Toyota RAV4,NA                  ,2020,"35,155km 2487cc, Hybrid, Automatic","$37,095",https://www.trademe.co.nz/a/motors/cars/toyota/rav4/listing/4703659599?rsqid=fc5b332202a14f8796add4eeb5e91af3-001
2023 Toyota RAV4,NA                  ,2023,"3,562km 2487cc, Hybrid, Automatic","$59,990",https://www.trademe.co.nz/a/motors/cars/toyota/rav4/listing/4703448094?rsqid=fc5b332202a14f8796add4eeb5e91af3-001
2022 Toyota RAV4,NA                  ,2022,"49,721km 1987cc, Petrol, Automatic","$34,990",https://www.trademe.co.nz/a/motors/cars/toyota/rav4/listing/4699875812?rsqid=fc5b332202a14f8796add4eeb5e91af3-001
2022 Toyota RAV4,"Wellington, Wellington",2022,"20,193km 2487cc, Hybrid, Automatic","$50,350",https://www.trademe.co.nz/a/motors/cars/toyota/rav4/listing/4699795023?rsqid=fc5b332202a14f8796add4eeb5e91af3-001
2022 Toyota RAV4,NA                  ,2022,"43,475km 1986cc, Petrol, Automatic","$32,990",https://www.trademe.co.nz/a/motors/cars/toyota/rav4/listing/4698228912?rsqid=fc5b332202a14f8796add4eeb5e91af3-001
2022 Toyota RAV4,NA                  ,2022,"51,412km 1987cc, Petrol, Automatic","$31,990",https://www.trademe.co.nz/a/motors/cars/toyota/rav4/listing/4696362106?rsqid=fc5b332202a14f8796add4eeb5e91af3-001
2021 Toyota RAV4,"Wellington, Wellington",2021,"49,565km 2487cc, Hybrid, Automatic","$47,490",https://www.trademe.co.nz/a/motors/cars/toyota/rav4/listing/4695308040?rsqid=fc5b332202a14f8796add4eeb5e91af3-001
2021 Toyota RAV4,NA                  ,2021,"21,806km 2487cc, Hybrid, Automatic","$53,990",https://www.trademe.co.nz/a/motors/cars/toyota/rav4/listing/4690348646?rsqid=fc5b332202a14f8796add4eeb5e91af3-001
2019 Toyota RAV4,NA                  ,2019,"47,935km 1987cc, Petrol, Automatic","$29,990",https://www.trademe.co.nz/a/motors/cars/toyota/rav4/listing/4690172880?rsqid=fc5b332202a14f8796add4eeb5e91af3-001
2021 Toyota RAV4,NA                  ,2021,"57,851km 2487cc, Hybrid, Automatic","$47,990",https://www.trademe.co.nz/a/motors/cars/toyota/rav4/listing/4690170942?rsqid=fc5b332202a14f8796add4eeb5e91af3-001
2021 Toyota RAV4,NA                  ,2021,"67,540km 2487cc, Hybrid, Automatic","$47,995",https://www.trademe.co.nz/a/motors/cars/toyota/rav4/listing/4688237207?rsqid=fc5b332202a14f8796add4eeb5e91af3-001
2020 Toyota RAV4,NA                  ,2020,"42,530km 2487cc, Petrol, Automatic","$37,990",https://www.trademe.co.nz/a/motors/cars/toyota/rav4/listing/4686545276?rsqid=fc5b332202a14f8796add4eeb5e91af3-001
2022 Toyota RAV4,NA                  ,2022,"44,713km 1987cc, Petrol, Automatic","$32,990",https://www.trademe.co.nz/a/motors/cars/toyota/rav4/listing/4677203033?rsqid=fc5b332202a14f8796add4eeb5e91af3-001
2019 Toyota RAV4,NA                  ,2019,"30,301km 2487cc, Hybrid, Automatic","$48,990",https://www.trademe.co.nz/a/motors/cars/toyota/rav4/listing/4677067088?rsqid=fc5b332202a14f8796add4eeb5e91af3-001
2022 Toyota RAV4,NA                  ,2022,"43,915km 1987cc, Petrol, Automatic","$32,990",https://www.trademe.co.nz/a/motors/cars/toyota/rav4/listing/4685356051?rsqid=fc5b332202a14f8796add4eeb5e91af3-001
2020 Toyota RAV4,NA                  ,2020,"52,547km 2487cc, Hybrid, Automatic","$44,990",https://www.trademe.co.nz/a/motors/cars/toyota/rav4/listing/4674840380?rsqid=fc5b332202a14f8796add4eeb5e91af3-001
2020 Toyota RAV4,NA                  ,2020,"31,659km 2487cc, Hybrid, Automatic","$50,990",https://www.trademe.co.nz/a/motors/cars/toyota/rav4/listing/4673771147?rsqid=fc5b332202a14f8796add4eeb5e91af3-001
2022 Toyota RAV4,NA                  ,2022,"46,886km 1987cc, Petrol, Automatic","$32,990",https://www.trademe.co.nz/a/motors/cars/toyota/rav4/listing/4673771008?rsqid=fc5b332202a14f8796add4eeb5e91af3-001
2022 Toyota RAV4,NA                  ,2022,"35,719km 2487cc, Hybrid, Automatic","$50,993",https://www.trademe.co.nz/a/motors/cars/toyota/rav4/listing/4673735427?rsqid=fc5b332202a14f8796add4eeb5e91af3-001
2022 Toyota RAV4,NA                  ,2022,"41,632km 1986cc, Petrol, Automatic","$32,990",https://www.trademe.co.nz/a/motors/cars/toyota/rav4/listing/4669587311?rsqid=fc5b332202a14f8796add4eeb5e91af3-001
2020 Toyota RAV4,NA                  ,2020,"46,410km 1987cc, Petrol, Automatic","$33,950",https://www.trademe.co.nz/a/motors/cars/toyota/rav4/listing/4669412074?rsqid=fc5b332202a14f8796add4eeb5e91af3-001
2022 Toyota RAV4,NA                  ,2022,"34,354km 1987cc, Petrol, Automatic","$33,990",https://www.trademe.co.nz/a/motors/cars/toyota/rav4/listing/4665446221?rsqid=fc5b332202a14f8796add4eeb5e91af3-001
2022 Toyota RAV4,NA                  ,2022,"36,300km 2487cc, Petrol, Automatic","$41,990",https://www.trademe.co.nz/a/motors/cars/toyota/rav4/listing/4662192219?rsqid=3cab027d18ba4c06bd830c99c8ec9e89-001
2020 Toyota RAV4,NA                  ,2020,"58,777km 2487cc, Hybrid, Automatic","$39,990",https://www.trademe.co.nz/a/motors/cars/toyota/rav4/listing/4656386741?rsqid=3cab027d18ba4c06bd830c99c8ec9e89-001
2022 Toyota RAV4,NA                  ,2022,"29,835km 2487cc, Petrol, Automatic","$41,990",https://www.trademe.co.nz/a/motors/cars/toyota/rav4/listing/4656341056?rsqid=3cab027d18ba4c06bd830c99c8ec9e89-001
2022 Toyota RAV4,NA                  ,2022,"37,818km 1987cc, Petrol, Automatic","$34,990",https://www.trademe.co.nz/a/motors/cars/toyota/rav4/listing/4652720275?rsqid=3cab027d18ba4c06bd830c99c8ec9e89-001
2021 Toyota RAV4,"Wellington, Wellington",2021,"77,605km 2487cc, Hybrid, Automatic","$47,990",https://www.trademe.co.nz/a/motors/cars/toyota/rav4/listing/4652688604?rsqid=3cab027d18ba4c06bd830c99c8ec9e89-001
2019 Toyota RAV4,NA                  ,2019,"61,551km 2487cc, Hybrid, Automatic","$41,990",https://www.trademe.co.nz/a/motors/cars/toyota/rav4/listing/4652486141?rsqid=3cab027d18ba4c06bd830c99c8ec9e89-001
2023 Toyota RAV4,NA                  ,2026,"23,090km 1987cc, Petrol, Automatic","$41,990",https://www.trademe.co.nz/a/motors/cars/toyota/rav4/listing/4647207329?rsqid=3cab027d18ba4c06bd830c99c8ec9e89-001
2022 Toyota RAV4,NA                  ,2022,"48,096km 1987cc, Petrol, Automatic","$33,990",https://www.trademe.co.nz/a/motors/cars/toyota/rav4/listing/4647189419?rsqid=3cab027d18ba4c06bd830c99c8ec9e89-001
2019 Toyota RAV4,"Wellington, Wellington",2019,"63,413km 2487cc, Hybrid, Automatic","$45,990",https://www.trademe.co.nz/a/motors/cars/toyota/rav4/listing/4647155589?rsqid=3cab027d18ba4c06bd830c99c8ec9e89-001
2019 Toyota RAV4,NA                  ,2019,"41,070km 2487cc, Hybrid, Automatic","$40,995",https://www.trademe.co.nz/a/motors/cars/toyota/rav4/listing/4646689976?rsqid=3cab027d18ba4c06bd830c99c8ec9e89-001
2022 Toyota RAV4,NA                  ,2022,"31,738km 1986cc, Petrol, Automatic","$36,995",https://www.trademe.co.nz/a/motors/cars/toyota/rav4/listing/4628545817?rsqid=3cab027d18ba4c06bd830c99c8ec9e89-001
2020 Toyota RAV4,NA                  ,2020,"58,350km 2500cc, Petrol, Automatic","$42,599",https://www.trademe.co.nz/a/motors/cars/toyota/rav4/listing/4724679067?rsqid=3cab027d18ba4c06bd830c99c8ec9e89-001
2020 Toyota RAV4,"Wellington, Wellington",2020,"38,080km 2487cc, Hybrid, Automatic","$57,990",https://www.trademe.co.nz/a/motors/cars/toyota/rav4/listing/4622369068?rsqid=3cab027d18ba4c06bd830c99c8ec9e89-001
2022 Toyota RAV4,NA                  ,2022,"50,405km 2487cc, Petrol, Automatic","$38,990",https://www.trademe.co.nz/a/motors/cars/toyota/rav4/listing/4601483349?rsqid=3cab027d18ba4c06bd830c99c8ec9e89-001
2019 Toyota RAV4,"Wellington, Wellington",2019,"44,426km 2487cc, Hybrid, Automatic","$43,990",https://www.trademe.co.nz/a/motors/cars/toyota/rav4/listing/4600891691?rsqid=3cab027d18ba4c06bd830c99c8ec9e89-001
2019 Toyota RAV4,NA                  ,2019,"42,263km 1986cc, Petrol, Automatic","$31,995",https://www.trademe.co.nz/a/motors/cars/toyota/rav4/listing/4586345631?rsqid=3cab027d18ba4c06bd830c99c8ec9e89-001
2022 Toyota RAV4,NA                  ,2022,"37,502km 2487cc, Petrol, Automatic","$39,950",https://www.trademe.co.nz/a/motors/cars/toyota/rav4/listing/4609389420?rsqid=3cab027d18ba4c06bd830c99c8ec9e89-001
2019 Toyota RAV4,NA                  ,2019,"24,581km 2487cc, Hybrid, Automatic","$44,990",https://www.trademe.co.nz/a/motors/cars/toyota/rav4/listing/4573830240?rsqid=3cab027d18ba4c06bd830c99c8ec9e89-001
2021 Toyota RAV4,NA                  ,2021,"39,288km 2487cc, Hybrid, Automatic","$41,950",https://www.trademe.co.nz/a/motors/cars/toyota/rav4/listing/4567863410?rsqid=3cab027d18ba4c06bd830c99c8ec9e89-001
2022 Toyota RAV4,NA                  ,2022,"38,837km 2487cc, Petrol, Automatic","$40,990",https://www.trademe.co.nz/a/motors/cars/toyota/rav4/listing/4564479176?rsqid=3cab027d18ba4c06bd830c99c8ec9e89-001
2019 Toyota RAV4,NA                  ,2019,"53,195km 2487cc, Hybrid, Automatic","$37,950",https://www.trademe.co.nz/a/motors/cars/toyota/rav4/listing/4560691922?rsqid=3cab027d18ba4c06bd830c99c8ec9e89-001
2021 Toyota RAV4,NA                  ,2021,"35,657km 2487cc, Petrol, Automatic","$39,990",https://www.trademe.co.nz/a/motors/cars/toyota/rav4/listing/4646983506?rsqid=3cab027d18ba4c06bd830c99c8ec9e89-001
2021 Toyota RAV4,"Wellington, Wellington",2021,"42,791km 2487cc, Hybrid, Automatic","$42,990",https://www.trademe.co.nz/a/motors/cars/toyota/rav4/listing/4547750891?rsqid=9565487a6c8943efa6f202091db88642-001
2019 Toyota RAV4,"Wellington, Wellington",2019,"51,561km 2487cc, Hybrid, Automatic","$37,990",https://www.trademe.co.nz/a/motors/cars/toyota/rav4/listing/4520554832?rsqid=9565487a6c8943efa6f202091db88642-001
2022 Toyota RAV4,NA                  ,2022,"41,500km 2487cc, Petrol, Automatic","$39,990",https://www.trademe.co.nz/a/motors/cars/toyota/rav4/listing/4518973201?rsqid=9565487a6c8943efa6f202091db88642-001
2019 Toyota RAV4,"Wellington, Wellington",2019,"75,000km 1987cc, Petrol, Automatic","$29,990",https://www.trademe.co.nz/a/motors/cars/toyota/rav4/listing/4508073734?rsqid=9565487a6c8943efa6f202091db88642-001
2019 Toyota RAV4,NA                  ,2019,"69,517km 2487cc, Hybrid, Automatic","$43,990",https://www.trademe.co.nz/a/motors/cars/toyota/rav4/listing/4469884996?rsqid=9565487a6c8943efa6f202091db88642-001
2019 Toyota RAV4,NA                  ,2019,"57,595km 2487cc, Hybrid, Automatic","$40,950",https://www.trademe.co.nz/a/motors/cars/toyota/rav4/listing/4381664272?rsqid=9565487a6c8943efa6f202091db88642-001
2022 Toyota RAV4,NA                  ,2022,"36,684km 2487cc, Petrol, Automatic","$39,990",https://www.trademe.co.nz/a/motors/cars/toyota/rav4/listing/4757806029?rsqid=9565487a6c8943efa6f202091db88642-001
2019 Toyota RAV4,NA                  ,2019,"64,103km 2487cc, Hybrid, Automatic","$39,950",https://www.trademe.co.nz/a/motors/cars/toyota/rav4/listing/4245149153?rsqid=9565487a6c8943efa6f202091db88642-001
2019 Toyota RAV4,NA                  ,2019,"32,360km 2487cc, Hybrid, Automatic","$42,950",https://www.trademe.co.nz/a/motors/cars/toyota/rav4/listing/4243592934?rsqid=9565487a6c8943efa6f202091db88642-001
2019 Toyota RAV4,NA                  ,2019,"47,235km 2487cc, Hybrid, Automatic","$42,950",https://www.trademe.co.nz/a/motors/cars/toyota/rav4/listing/4346391049?rsqid=9565487a6c8943efa6f202091db88642-001
2023 Toyota RAV4,"Auckland City, Auckland",2023,"11,200km 2487cc, Hybrid, Automatic",,https://www.trademe.co.nz/a/motors/cars/toyota/rav4/listing/4775925749?rsqid=9565487a6c8943efa6f202091db88642-001
2019 Toyota RAV4,"Papakura, Auckland  ",2019,"40,000km 1986cc, Petrol, Automatic","$33,000",https://www.trademe.co.nz/a/motors/cars/toyota/rav4/listing/4774589778?rsqid=9565487a6c8943efa6f202091db88642-001
2023 Toyota RAV4,"Auckland City, Auckland",2023,"285km 2487cc, Hybrid, Automatic",,https://www.trademe.co.nz/a/motors/cars/toyota/rav4/listing/4774557955?rsqid=9565487a6c8943efa6f202091db88642-001
2020 Toyota RAV4,NA                  ,2020,"70,500km 2500cc, Hybrid, Automatic",,https://www.trademe.co.nz/a/motors/cars/toyota/rav4/listing/4772429988?rsqid=9565487a6c8943efa6f202091db88642-001
2020 Toyota RAV4,"Franklin, Auckland  ",2020,"55,000km 2487cc, Hybrid, Automatic",,https://www.trademe.co.nz/a/motors/cars/toyota/rav4/listing/4771146557?rsqid=9565487a6c8943efa6f202091db88642-001
2018 Toyota RAV4,"Upper Hutt City, Wellington",2018,"69,000km 2000cc, Petrol, Automatic",,https://www.trademe.co.nz/a/motors/cars/toyota/rav4/listing/4769047803?rsqid=9565487a6c8943efa6f202091db88642-001
2019 Toyota RAV4,NA                  ,2019,"65,000km 1986cc, Petrol, Automatic",,https://www.trademe.co.nz/a/motors/cars/toyota/rav4/listing/4767667120?rsqid=9565487a6c8943efa6f202091db88642-001
2020 Toyota RAV4,"North Shore, Auckland",2020,"79,500km 2487cc, Hybrid, Automatic","$37,000",https://www.trademe.co.nz/a/motors/cars/toyota/rav4/listing/4764538335?rsqid=9565487a6c8943efa6f202091db88642-001
2020 Toyota RAV4,"Waitakere, Auckland ",2020,"57,017km 2487cc, Petrol, Automatic","$39,990",https://www.trademe.co.nz/a/motors/cars/toyota/rav4/listing/4763030694?rsqid=9565487a6c8943efa6f202091db88642-001
2019 Toyota RAV4,"Waitakere, Auckland ",2019,"73,000km 1986cc, Petrol, Automatic",,https://www.trademe.co.nz/a/motors/cars/toyota/rav4/listing/4759519212?rsqid=9565487a6c8943efa6f202091db88642-001
2019 Toyota RAV4,"Auckland, Auckland  ",2019,"40,453km 1986cc, Petrol, Automatic","$29,990",https://www.trademe.co.nz/a/motors/cars/toyota/rav4/listing/4751551180?rsqid=9565487a6c8943efa6f202091db88642-001
2019 Toyota RAV4,"Hibiscus Coast, Auckland",2019,"57,000km 1986cc, Petrol, Automatic","$24,990",https://www.trademe.co.nz/a/motors/cars/toyota/rav4/listing/4744818560?rsqid=9565487a6c8943efa6f202091db88642-001
2018 Toyota RAV4,"Auckland, Auckland  ",2018,"58,740km 2000cc, Petrol, Automatic","$28,850",https://www.trademe.co.nz/a/motors/cars/toyota/rav4/listing/4755689132?rsqid=8d323bbfc9fc4acab8733c691139bec8-001
2022 Toyota RAV4,NA                  ,2022,"23,900km 1986cc, Petrol, Automatic","$31,400",https://www.trademe.co.nz/a/motors/cars/toyota/rav4/listing/4718654462?rsqid=8d323bbfc9fc4acab8733c691139bec8-001
2021 Toyota RAV4,"North Shore, Auckland",2021,"49,760km 2487cc, Hybrid, Automatic","$43,000",https://www.trademe.co.nz/a/motors/cars/toyota/rav4/listing/4742189938?rsqid=8d323bbfc9fc4acab8733c691139bec8-001
2018 Toyota RAV4,NA                  ,2018,"47,000km 1986cc, Petrol, Automatic","$28,000",https://www.trademe.co.nz/a/motors/cars/toyota/rav4/listing/4718335907?rsqid=8d323bbfc9fc4acab8733c691139bec8-001
2019 Toyota RAV4,NA                  ,2019,"69,195km 2487cc, Hybrid, Automatic","$41,800",https://www.trademe.co.nz/a/motors/cars/toyota/rav4/listing/4711646949?rsqid=8d323bbfc9fc4acab8733c691139bec8-001
2020 Toyota RAV4,"Auckland City, Auckland",2020,"62,000km 2487cc, Hybrid, Automatic","$38,500",https://www.trademe.co.nz/a/motors/cars/toyota/rav4/listing/4707360330?rsqid=8d323bbfc9fc4acab8733c691139bec8-001
2021 Toyota RAV4,"Waitakere, Auckland ",2021,"40,200km 1986cc, Petrol, Automatic","$31,600",https://www.trademe.co.nz/a/motors/cars/toyota/rav4/listing/4730730148?rsqid=8d323bbfc9fc4acab8733c691139bec8-001
2019 Toyota RAV4,"Botany Downs, Auckland",2019,"52,348km 2487cc, Hybrid, Automatic","$44,890",https://www.trademe.co.nz/a/motors/cars/toyota/rav4/listing/4735079827?rsqid=8d323bbfc9fc4acab8733c691139bec8-001
2021 Toyota RAV4,"Auckland City, Auckland",2021,"24,000km 2487cc, Hybrid, Manual","$37,999",https://www.trademe.co.nz/a/motors/cars/toyota/rav4/listing/4716609641?rsqid=8d323bbfc9fc4acab8733c691139bec8-001
2024 Toyota RAV4,"North Shore, Auckland",2024,"1,700km 2487cc, Hybrid, Automatic","$52,900",https://www.trademe.co.nz/a/motors/cars/toyota/rav4/listing/4706956120?rsqid=8d323bbfc9fc4acab8733c691139bec8-001
2021 Toyota RAV4,NA                  ,2021,"24,000km 2487cc, Petrol, Automatic","$49,990",https://www.trademe.co.nz/a/motors/cars/toyota/rav4/listing/4706785591?rsqid=8d323bbfc9fc4acab8733c691139bec8-001
2023 Toyota RAV4,"Botany Downs, Auckland",2023,"10,000km 2487cc, Hybrid","$64,100",https://www.trademe.co.nz/a/motors/cars/toyota/rav4/listing/4706751063?rsqid=8d323bbfc9fc4acab8733c691139bec8-001
2021 Toyota RAV4,"Auckland City, Auckland",2021,"12,000km 1986cc, Petrol, Automatic","$32,990",https://www.trademe.co.nz/a/motors/cars/toyota/rav4/listing/4706651088?rsqid=8d323bbfc9fc4acab8733c691139bec8-001
2020 Toyota RAV4,NA                  ,2020,"40,000km 1986cc, Petrol, Automatic","$40,000",https://www.trademe.co.nz/a/motors/cars/toyota/rav4/listing/4706537009?rsqid=8d323bbfc9fc4acab8733c691139bec8-001
2021 Toyota RAV4,"Auckland City, Auckland",2021,"23,466km 2487cc, Hybrid, Automatic",,https://www.trademe.co.nz/a/motors/cars/toyota/rav4/listing/4706483933?rsqid=8d323bbfc9fc4acab8733c691139bec8-001
2024 Toyota RAV4,"Wellington City, Wellington",2024,"80km 2487cc, Hybrid, Automatic","$53,888",https://www.trademe.co.nz/a/motors/cars/toyota/rav4/listing/4706403976?rsqid=8d323bbfc9fc4acab8733c691139bec8-001
2021 Toyota RAV4,NA                  ,2021,"38,888km 2487cc, Petrol, Automatic","$38,500",https://www.trademe.co.nz/a/motors/cars/toyota/rav4/listing/4706282360?rsqid=8d323bbfc9fc4acab8733c691139bec8-001
2022 Toyota RAV4,"Manukau, Auckland   ",2022,"77,500km 1986cc, Petrol, Automatic","$35,500",https://www.trademe.co.nz/a/motors/cars/toyota/rav4/listing/4707383257?rsqid=8d323bbfc9fc4acab8733c691139bec8-001
2019 Toyota RAV4,"Kapiti, Wellington  ",2019,"41,500km 2487cc, Petrol, Automatic","$35,500",https://www.trademe.co.nz/a/motors/cars/toyota/rav4/listing/4706160479?rsqid=8d323bbfc9fc4acab8733c691139bec8-001
2021 Toyota RAV4,"Botany Downs, Auckland",2021,"66,000km 2487cc, Hybrid, Automatic","$43,000",https://www.trademe.co.nz/a/motors/cars/toyota/rav4/listing/4706090605?rsqid=8d323bbfc9fc4acab8733c691139bec8-001
2021 Toyota RAV4,NA                  ,2021,"26,662km 2487cc, Hybrid, Automatic","$41,690",https://www.trademe.co.nz/a/motors/cars/toyota/rav4/listing/4701712252?rsqid=8d323bbfc9fc4acab8733c691139bec8-001
2022 Toyota RAV4,"Christchurch City, Canterbury",2022,"25,300km 2487cc, Hybrid, Automatic",,https://www.trademe.co.nz/a/motors/cars/toyota/rav4/listing/4697830508?rsqid=8d323bbfc9fc4acab8733c691139bec8-001
2020 Toyota RAV4,"Auckland City, Auckland",2020,"75,500km 2487cc, Hybrid, Automatic","$33,900",https://www.trademe.co.nz/a/motors/cars/toyota/rav4/listing/4691682983?rsqid=7c33afbf8a8147df882c3e1efa37bf45-001
2020 Toyota RAV4,"North Shore, Auckland",2020,"21,000km 2480cc, Plug-in hybrid, Automatic","$53,995",https://www.trademe.co.nz/a/motors/cars/toyota/rav4/listing/4691529600?rsqid=7c33afbf8a8147df882c3e1efa37bf45-001
2021 Toyota RAV4,"Papakura, Auckland  ",2021,"60,000km 2487cc, Hybrid, Automatic",,https://www.trademe.co.nz/a/motors/cars/toyota/rav4/listing/4684557887?rsqid=7c33afbf8a8147df882c3e1efa37bf45-001
2022 Toyota RAV4,"Albany, Auckland    ",2022,"3,940km 2487cc, Hybrid, Automatic","$46,000",https://www.trademe.co.nz/a/motors/cars/toyota/rav4/listing/4659462159?rsqid=7c33afbf8a8147df882c3e1efa37bf45-001
2020 Toyota RAV4,NA                  ,2020,"78,000km 2487cc, Hybrid, Automatic","$45,000",https://www.trademe.co.nz/a/motors/cars/toyota/rav4/listing/4659175177?rsqid=7c33afbf8a8147df882c3e1efa37bf45-001
2020 Toyota RAV4,NA                  ,2020,"39,569km 2487cc, Petrol, Automatic",,https://www.trademe.co.nz/a/motors/cars/toyota/rav4/listing/4654276915?rsqid=7c33afbf8a8147df882c3e1efa37bf45-001
2021 Toyota RAV4,"Onehunga, Auckland  ",2021,"39,164km 2487cc, Petrol, Automatic","$44,999",https://www.trademe.co.nz/a/motors/cars/toyota/rav4/listing/4697988203?rsqid=7c33afbf8a8147df882c3e1efa37bf45-001
2019 Toyota RAV4,"Christchurch City, Canterbury",2019,"34,000km 2487cc, Hybrid, Automatic",,https://www.trademe.co.nz/a/motors/cars/toyota/rav4/listing/4776267601?rsqid=7c33afbf8a8147df882c3e1efa37bf45-001
2019 Toyota RAV4,"Auckland, Auckland  ",2019,"10,645km 2500cc, Hybrid, Automatic","$39,990",https://www.trademe.co.nz/a/motors/cars/toyota/rav4/listing/4627153659?rsqid=7c33afbf8a8147df882c3e1efa37bf45-001
2019 Toyota RAV4,NA                  ,2019,"80,000km 2487cc, Hybrid, Automatic","$34,990",https://www.trademe.co.nz/a/motors/cars/toyota/rav4/listing/4744550042?rsqid=7c33afbf8a8147df882c3e1efa37bf45-001
2019 Toyota RAV4,"North Shore, Auckland",2019,"50,413km 1986cc, Petrol, Automatic",,https://www.trademe.co.nz/a/motors/cars/toyota/rav4/listing/4771244279?rsqid=7c33afbf8a8147df882c3e1efa37bf45-001
2021 Toyota RAV4,"North Shore, Auckland",2021,"35,000km 2487cc, Hybrid, Automatic","$52,999",https://www.trademe.co.nz/a/motors/cars/toyota/rav4/listing/4749484470?rsqid=7c33afbf8a8147df882c3e1efa37bf45-001
2019 Toyota RAV4,"Botany Downs, Auckland",2019,"59,000km 1986cc, Petrol, Automatic","$28,500",https://www.trademe.co.nz/a/motors/cars/toyota/rav4/listing/4766679547?rsqid=7c33afbf8a8147df882c3e1efa37bf45-001
2018 Toyota RAV4,"Henderson, Auckland ",2018,"73,300km 1986cc, Petrol, Automatic","$30,000",https://www.trademe.co.nz/a/motors/cars/toyota/rav4/listing/4767724525?rsqid=7c33afbf8a8147df882c3e1efa37bf45-001
2022 Toyota RAV4,"Manukau, Auckland   ",2022,"9,500km 1986cc, Petrol, Automatic","$48,880",https://www.trademe.co.nz/a/motors/cars/toyota/rav4/listing/4766689444?rsqid=7c33afbf8a8147df882c3e1efa37bf45-001
2020 Toyota RAV4,"Auckland City, Auckland",2020,"40,100km 2000cc, Petrol, Automatic","$33,990",https://www.trademe.co.nz/a/motors/cars/toyota/rav4/listing/4706584431?rsqid=7c33afbf8a8147df882c3e1efa37bf45-001
2020 Toyota RAV4,"New Lynn, Auckland  ",2020,"39,246km 2500cc, Hybrid, Automatic",,https://www.trademe.co.nz/a/motors/cars/toyota/rav4/listing/4744326330?rsqid=7c33afbf8a8147df882c3e1efa37bf45-001
2019 Toyota RAV4,"Lower Hutt City, Wellington",2019,"61,000km 2487cc, Petrol, Automatic","$34,990",https://www.trademe.co.nz/a/motors/cars/toyota/rav4/listing/4732291072?rsqid=7c33afbf8a8147df882c3e1efa37bf45-001
2023 Toyota RAV4,"Auckland, Auckland  ",2023,"5,640km 2487cc, Hybrid, Automatic","$50,500",https://www.trademe.co.nz/a/motors/cars/toyota/rav4/listing/4466397331?rsqid=7c33afbf8a8147df882c3e1efa37bf45-001
2020 Toyota RAV4,"Manukau, Auckland   ",2020,"70,000km Petrol, Automatic","$31,500",https://www.trademe.co.nz/a/motors/cars/toyota/rav4/listing/4757861528?rsqid=7c33afbf8a8147df882c3e1efa37bf45-001
2023 Toyota RAV4,"Auckland City, Auckland",2023,"1,125km 2487cc, Hybrid, Automatic",,https://www.trademe.co.nz/a/motors/cars/toyota/rav4/listing/4742287717?rsqid=7c33afbf8a8147df882c3e1efa37bf45-001
2019 Toyota RAV4,"North Shore, Auckland",2019,"58,000km 2487cc, Petrol, Automatic",,https://www.trademe.co.nz/a/motors/cars/toyota/rav4/listing/4759758895?rsqid=7c33afbf8a8147df882c3e1efa37bf45-001
2021 Toyota RAV4,"Manukau, Auckland   ",2021,"43,573km 2487cc, Hybrid, Automatic","$40,000",https://www.trademe.co.nz/a/motors/cars/toyota/rav4/listing/4744196831?rsqid=3ae65eb5fa99456c9bf64851950fd678-001
2018 Toyota RAV4,"Botany Downs, Auckland",2018,"76,000km 2494cc, Petrol, Automatic",,https://www.trademe.co.nz/a/motors/cars/toyota/rav4/listing/4759024613?rsqid=3ae65eb5fa99456c9bf64851950fd678-001
